Site,Year,maxDHW,maxSST
Academy_Bay,1981,NA,24.1700000762939
Academy_Bay,1982,0.322613459342871,27.769998550415
Academy_Bay,1983,27.7197675485215,30.3299999237061
Academy_Bay,1984,0,27.2999992370605
Academy_Bay,1985,0,26.2899990081787
Academy_Bay,1986,2.19449664198152,28.6700000762939
Academy_Bay,1987,9.44619178458058,29.2799987792969
Academy_Bay,1988,0,26.7199993133545
Academy_Bay,1989,0,26.8599987030029
Academy_Bay,1990,0,27.0799999237061
Academy_Bay,1991,1.7530677762763,28.0900001525879
Academy_Bay,1992,13.2229364042301,29.4200000762939
Academy_Bay,1993,4.88017712556037,29.2899990081787
Academy_Bay,1994,0,26.5599994659424
Academy_Bay,1995,0.201306827763651,27.9899997711182
Academy_Bay,1996,0.605348814938554,28.2600002288818
Academy_Bay,1997,5.14956842903404,28.7600002288818
Academy_Bay,1998,33.2583401324013,30.5900001525879
Academy_Bay,1999,0.152735377393952,27.6499996185303
Academy_Bay,2000,0,27.1499996185303
Academy_Bay,2001,1.71902553842129,28.3999996185303
Academy_Bay,2002,4.91385474277218,28.1800003051758
Academy_Bay,2003,2.91127385396248,28.6499996185303
Academy_Bay,2004,0,27.1299991607666
Academy_Bay,2005,0.778084105139426,28.0999984741211
Academy_Bay,2006,1.68176119919275,28.3899993896484
Academy_Bay,2007,1.74176039265676,28.1999988555908
Academy_Bay,2008,6.61479477006562,28.519998550415
Academy_Bay,2009,0.99224809755849,28.2899990081787
Academy_Bay,2010,7.78145156807614,29.0799999237061
Academy_Bay,2011,2.26841671110534,28
Academy_Bay,2012,4.19732042956776,28.2799987792969
Academy_Bay,2013,1.06498382372476,28.1800003051758
Academy_Bay,2014,0.148449565016023,27.6199989318848
Academy_Bay,2015,3.64911441727639,28.4599990844727
Academy_Bay,2016,5.71956894129338,28.8199996948242
Academy_Bay,2017,9.64740867627303,29.769998550415
Academy_Bay,2018,0.495348749543743,27.7799987792969
Academy_Bay,2019,2.51151740668713,28.5799999237061
Bahia_Banderas,1981,NA,31.1499996185303
Bahia_Banderas,1982,0.482671148766021,31.1199989318848
Bahia_Banderas,1983,1.72033258956698,31.3199996948242
Bahia_Banderas,1984,0.645528204430084,31.6799983978271
Bahia_Banderas,1985,0,30.6399993896484
Bahia_Banderas,1986,0,30.5299987792969
Bahia_Banderas,1987,0,30.9099998474121
Bahia_Banderas,1988,0,30.6399993896484
Bahia_Banderas,1989,0,30.5299987792969
Bahia_Banderas,1990,0,30.7299995422363
Bahia_Banderas,1991,0,30.7299995422363
Bahia_Banderas,1992,0.172319034277569,31.1599998474121
Bahia_Banderas,1993,0.307494906236499,31.0399990081787
Bahia_Banderas,1994,0.346066672681114,31.3199996948242
Bahia_Banderas,1995,0,30.4799995422363
Bahia_Banderas,1996,0,30.8499984741211
Bahia_Banderas,1997,3.30227972285539,31.5699996948242
Bahia_Banderas,1998,0.440352092690182,31.0100002288818
Bahia_Banderas,1999,0,30.8299999237061
Bahia_Banderas,2000,0.328923695647772,31.25
Bahia_Banderas,2001,0.297495222311416,31.0100002288818
Bahia_Banderas,2002,0.843023317750149,31.25
Bahia_Banderas,2003,0.707847445791218,31.25
Bahia_Banderas,2004,5.50153535412204,31.9200000762939
Bahia_Banderas,2005,1.73515606365995,31.7799987792969
Bahia_Banderas,2006,5.66975499517907,32.1699981689453
Bahia_Banderas,2007,0.338923652051231,31.2899990081787
Bahia_Banderas,2008,0.817308988439323,31.1700000762939
Bahia_Banderas,2009,1.59033261136525,31.2099990844727
Bahia_Banderas,2010,0.301781034689345,30.9499988555908
Bahia_Banderas,2011,0.741594877111198,31.019998550415
Bahia_Banderas,2012,4.09977440021005,31.8699989318848
Bahia_Banderas,2013,1.11962800091862,30.6199989318848
Bahia_Banderas,2014,3.45923621533653,31.4799995422363
Bahia_Banderas,2015,4.88064579590125,31.5499992370605
Bahia_Banderas,2016,0.890166163993871,30.8999996185303
Bahia_Banderas,2017,0.14803330909272,30.9899997711182
Bahia_Banderas,2018,2.91799338731898,31.5
Bahia_Banderas,2019,0.476957004740491,26.8099994659424
Bahia_Culebra,1981,NA,29.2199993133545
Bahia_Culebra,1982,0.639552160969998,30.0799999237061
Bahia_Culebra,1983,7.99277781624006,31.2999992370605
Bahia_Culebra,1984,0,29.8099994659424
Bahia_Culebra,1985,0,29.4299983978271
Bahia_Culebra,1986,0.302633103451657,29.9499988555908
Bahia_Culebra,1987,2.27425906499645,30.4200000762939
Bahia_Culebra,1988,0,29.3899993896484
Bahia_Culebra,1989,0.322633288736952,30.1099987030029
Bahia_Culebra,1990,0.345490409795825,30.1499996185303
Bahia_Culebra,1991,0.296918959426126,29.939998626709
Bahia_Culebra,1992,0.716695148902476,30.4899997711182
Bahia_Culebra,1993,0.852297327720938,30.2199993133545
Bahia_Culebra,1994,0,29.7999992370605
Bahia_Culebra,1995,0.633838016944468,30.0299987792969
Bahia_Culebra,1996,0,29.6499996185303
Bahia_Culebra,1997,1.75591191561148,30.1599998474121
Bahia_Culebra,1998,4.60863035677922,30.5900001525879
Bahia_Culebra,1999,0,29.689998626709
Bahia_Culebra,2000,0,29.5399990081787
Bahia_Culebra,2001,0,29.5399990081787
Bahia_Culebra,2002,0.316918872233046,30.019998550415
Bahia_Culebra,2003,1.64042104805199,30.4699993133545
Bahia_Culebra,2004,2.31865664639702,30.5900001525879
Bahia_Culebra,2005,5.16291622365282,30.7399997711182
Bahia_Culebra,2006,7.33014410243684,30.9699993133545
Bahia_Culebra,2007,1.05801168972917,30.0100002288818
Bahia_Culebra,2008,0,29.7999992370605
Bahia_Culebra,2009,0.953614097429467,30.1799983978271
Bahia_Culebra,2010,6.11367365778709,30.6799983978271
Bahia_Culebra,2011,0,29.5499992370605
Bahia_Culebra,2012,1.22767648075347,30.3499984741211
Bahia_Culebra,2013,0,29.6199989318848
Bahia_Culebra,2014,1.62173779596224,30.2299995422363
Bahia_Culebra,2015,9.10616923665592,31.0999984741211
Bahia_Culebra,2016,1.29218591836976,30.6499996185303
Bahia_Culebra,2017,1.04515452507376,30.4499988555908
Bahia_Culebra,2018,1.58899266190871,30.2899990081787
Bahia_Culebra,2019,0,29.1599998474121
Cabo_Pulmo,1981,NA,30.269998550415
Cabo_Pulmo,1982,4.56779226089011,31.189998626709
Cabo_Pulmo,1983,1.65059842479472,31.4899997711182
Cabo_Pulmo,1984,1.946030707262,31.2399997711182
Cabo_Pulmo,1985,0,29.9499988555908
Cabo_Pulmo,1986,0,29.7899990081787
Cabo_Pulmo,1987,2.12717711195654,31.5900001525879
Cabo_Pulmo,1988,0,30.269998550415
Cabo_Pulmo,1989,0,29.8899993896484
Cabo_Pulmo,1990,1.91317390227805,31.1499996185303
Cabo_Pulmo,1991,0.938588283499894,30.8099994659424
Cabo_Pulmo,1992,0.330864063574344,30.5100002288818
Cabo_Pulmo,1993,0,29.8199996948242
Cabo_Pulmo,1994,0.988306378345102,30.5799999237061
Cabo_Pulmo,1995,0,30.2999992370605
Cabo_Pulmo,1996,0,30.0499992370605
Cabo_Pulmo,1997,9.78502022100956,31.3099994659424
Cabo_Pulmo,1998,1.12945241246905,30.6799983978271
Cabo_Pulmo,1999,0,30.0699996948242
Cabo_Pulmo,2000,4.91837455009928,31.5
Cabo_Pulmo,2001,1.58888785011915,30.2899990081787
Cabo_Pulmo,2002,0.774302896188231,30.5100002288818
Cabo_Pulmo,2003,0.323721042944461,30.519998550415
Cabo_Pulmo,2004,3.57063202566031,31.4699993133545
Cabo_Pulmo,2005,4.80664620496789,32
Cabo_Pulmo,2006,5.8098194423987,31.269998550415
Cabo_Pulmo,2007,0.302292526011565,30.3299999237061
Cabo_Pulmo,2008,6.31239414604344,31.1299991607666
Cabo_Pulmo,2009,3.01290758775205,31.1799983978271
Cabo_Pulmo,2010,0,30.3299999237061
Cabo_Pulmo,2011,6.2586899144309,31.0699996948242
Cabo_Pulmo,2012,6.19925436778945,31.019998550415
Cabo_Pulmo,2013,0.911445622541468,30.1099987030029
Cabo_Pulmo,2014,4.72664628126184,31.4299983978271
Cabo_Pulmo,2015,9.77073417974979,31.2799987792969
Cabo_Pulmo,2016,3.30920373760924,30.9899997711182
Cabo_Pulmo,2017,3.1092040645833,30.9499988555908
Cabo_Pulmo,2018,9.46614890974396,31.5100002288818
Cabo_Pulmo,2019,0.422292547809835,23.689998626709
Caletitas,1981,NA,31.1499996185303
Caletitas,1982,0.482671148766021,31.1199989318848
Caletitas,1983,1.72033258956698,31.3199996948242
Caletitas,1984,0.645528204430084,31.6799983978271
Caletitas,1985,0,30.6399993896484
Caletitas,1986,0,30.5299987792969
Caletitas,1987,0,30.9099998474121
Caletitas,1988,0,30.6399993896484
Caletitas,1989,0,30.5299987792969
Caletitas,1990,0,30.7299995422363
Caletitas,1991,0,30.7299995422363
Caletitas,1992,0.172319034277569,31.1599998474121
Caletitas,1993,0.307494906236499,31.0399990081787
Caletitas,1994,0.346066672681114,31.3199996948242
Caletitas,1995,0,30.4799995422363
Caletitas,1996,0,30.8499984741211
Caletitas,1997,3.30227972285539,31.5699996948242
Caletitas,1998,0.440352092690182,31.0100002288818
Caletitas,1999,0,30.8299999237061
Caletitas,2000,0.328923695647772,31.25
Caletitas,2001,0.297495222311416,31.0100002288818
Caletitas,2002,0.843023317750149,31.25
Caletitas,2003,0.707847445791218,31.25
Caletitas,2004,5.50153535412204,31.9200000762939
Caletitas,2005,1.73515606365995,31.7799987792969
Caletitas,2006,5.66975499517907,32.1699981689453
Caletitas,2007,0.338923652051231,31.2899990081787
Caletitas,2008,0.817308988439323,31.1700000762939
Caletitas,2009,1.59033261136525,31.2099990844727
Caletitas,2010,0.301781034689345,30.9499988555908
Caletitas,2011,0.741594877111198,31.019998550415
Caletitas,2012,4.09977440021005,31.8699989318848
Caletitas,2013,1.11962800091862,30.6199989318848
Caletitas,2014,3.45923621533653,31.4799995422363
Caletitas,2015,4.88064579590125,31.5499992370605
Caletitas,2016,0.890166163993871,30.8999996185303
Caletitas,2017,0.14803330909272,30.9899997711182
Caletitas,2018,2.91799338731898,31.5
Caletitas,2019,0.476957004740491,26.8099994659424
Cambutal,1981,NA,29.1399993896484
Cambutal,1982,3.00049311805509,31.519998550415
Cambutal,1983,7.74147513165452,31.9099998474121
Cambutal,1984,0.452860376723429,30.6299991607666
Cambutal,1985,0,29.7999992370605
Cambutal,1986,0,29.939998626709
Cambutal,1987,0.30238321001707,30.6499996185303
Cambutal,1988,0,30.5
Cambutal,1989,0,30.3699989318848
Cambutal,1990,0,30.3499984741211
Cambutal,1991,1.00238637848855,31.2799987792969
Cambutal,1992,2.09334780088453,30.9099998474121
Cambutal,1993,0,30.0499992370605
Cambutal,1994,0,30.1799983978271
Cambutal,1995,0,30.519998550415
Cambutal,1996,0.299526001765117,30.9200000762939
Cambutal,1997,0.497146287193574,30.7999992370605
Cambutal,1998,6.62241835747995,31.3599987030029
Cambutal,1999,0,30.2099990844727
Cambutal,2000,0,29.939998626709
Cambutal,2001,0,30.5299987792969
Cambutal,2002,2.20429892222924,31.1999988555908
Cambutal,2003,0.150477166706359,30.5999984741211
Cambutal,2004,2.29906189041439,31.269998550415
Cambutal,2005,0,30.2899990081787
Cambutal,2006,0,30.5
Cambutal,2007,0,30.3899993896484
Cambutal,2008,0,30.189998626709
Cambutal,2009,0,30.0799999237061
Cambutal,2010,2.1090621737919,30.9299983978271
Cambutal,2011,0,30.1700000762939
Cambutal,2012,0,30.4099998474121
Cambutal,2013,0.313811770546507,30.7199993133545
Cambutal,2014,1.58572428158979,31.0799999237061
Cambutal,2015,2.22382155933845,31.2299995422363
Cambutal,2016,5.31764931393109,31.4699993133545
Cambutal,2017,2.70811390484376,30.8400001525879
Cambutal,2018,0,30.3299999237061
Cambutal,2019,0,30.2999992370605
Cano_island,1981,NA,28.75
Cano_island,1982,2.39048735070495,31.0699996948242
Cano_island,1983,6.49361417417545,31.9200000762939
Cano_island,1984,0,30.2600002288818
Cano_island,1985,0,29.75
Cano_island,1986,0,29.8099994659424
Cano_island,1987,0.765352188873792,30.5499992370605
Cano_island,1988,0.699710307268816,30.8099994659424
Cano_island,1989,0.316997939932887,30.5499992370605
Cano_island,1990,0,30.3299999237061
Cano_island,1991,2.04491787320929,30.9799995422363
Cano_island,1992,1.36806468699934,31.0100002288818
Cano_island,1993,0,30.3799991607666
Cano_island,1994,0.148499013562984,30.4699993133545
Cano_island,1995,0.197070463932683,30.8099994659424
Cano_island,1996,0.144213201185054,30.439998626709
Cano_island,1997,0.961066594478563,31.0900001525879
Cano_island,1998,7.09732109155208,31.5399990081787
Cano_island,1999,0,30.2199993133545
Cano_island,2000,0,30.3199996948242
Cano_island,2001,0.472639974125754,30.6700000762939
Cano_island,2002,2.53755748766358,30.8599987030029
Cano_island,2003,1.11806441452097,30.7899990081787
Cano_island,2004,0.319855148184841,30.5699996948242
Cano_island,2005,0,30.1999988555908
Cano_island,2006,0.294140818874015,30.4799995422363
Cano_island,2007,0,30.2899990081787
Cano_island,2008,0,30.1099987030029
Cano_island,2009,0,30.25
Cano_island,2010,1.09092148108416,30.5999984741211
Cano_island,2011,0,30.0100002288818
Cano_island,2012,0,30.1799983978271
Cano_island,2013,0,29.9599990844727
Cano_island,2014,1.18670805101727,31.1999988555908
Cano_island,2015,2.76898645146102,31.269998550415
Cano_island,2016,3.16576667770576,30.8299999237061
Cano_island,2017,3.80126397997395,30.9599990844727
Cano_island,2018,0,30.4099998474121
Cano_island,2019,0,30.0399990081787
Careyeros,1981,NA,31.0599994659424
Careyeros,1982,1.70572715405181,31.269998550415
Careyeros,1983,1.61729724129381,31.2799987792969
Careyeros,1984,0.642432508223774,31.6499996185303
Careyeros,1985,0,30.689998626709
Careyeros,1986,0,30.5499992370605
Careyeros,1987,0.329716924776601,31.1799983978271
Careyeros,1988,0,30.7299995422363
Careyeros,1989,0,30.5799999237061
Careyeros,1990,0,30.7299995422363
Careyeros,1991,0,30.8299999237061
Careyeros,1992,0.326859716524648,31.1999988555908
Careyeros,1993,0.145572715405181,30.9599990844727
Careyeros,1994,0.349716837583521,31.3099994659424
Careyeros,1995,0,30.0499992370605
Careyeros,1996,0.469575496156252,31.0599994659424
Careyeros,1997,4.3211708841079,31.689998626709
Careyeros,1998,0.609575158283065,31.0499992370605
Careyeros,1999,0,30.8899993896484
Careyeros,2000,0.529575507055387,31.3099994659424
Careyeros,2001,0.482432388333289,31.0999984741211
Careyeros,2002,0.880720676286508,31.3699989318848
Careyeros,2003,0.659433849553202,31.1499996185303
Careyeros,2004,4.4640285719218,31.939998626709
Careyeros,2005,1.8214419084289,31.6199989318848
Careyeros,2006,4.87789068699197,31.939998626709
Careyeros,2007,0.34400269355799,31.3400001525879
Careyeros,2008,1.35315338069471,31.3999996185303
Careyeros,2009,2.15101665254484,31.3699989318848
Careyeros,2010,0,30.7099990844727
Careyeros,2011,1.1247238058099,31.2299995422363
Careyeros,2012,4.37131339174262,31.7199993133545
Careyeros,2013,1.0862936750692,30.6499996185303
Careyeros,2014,3.04888112329982,31.2799987792969
Careyeros,2015,4.08103029472095,31.4899997711182
Careyeros,2016,1.13472348973498,31.2099990844727
Careyeros,2017,0.462432475526369,31.0399990081787
Careyeros,2018,3.94817338074564,31.7299995422363
Careyeros,2019,0.157001275934617,26.4099998474121
Chimo,1981,NA,30.8199996948242
Chimo,1982,0.157885178835318,30.7799987792969
Chimo,1983,1.25593841005266,30.9099998474121
Chimo,1984,0.405770237780151,31.189998626709
Chimo,1985,0,30.5299987792969
Chimo,1986,0,30.519998550415
Chimo,1987,0.355770455762852,31
Chimo,1988,0.157885178835318,30.8199996948242
Chimo,1989,0.157885178835318,30.5100002288818
Chimo,1990,0.312913149418684,30.8199996948242
Chimo,1991,0.294341840737741,30.7600002288818
Chimo,1992,0.149313826557835,30.7600002288818
Chimo,1993,0.517941174497724,31.0100002288818
Chimo,1994,0.288627424233834,30.7299995422363
Chimo,1995,0,30.1499996185303
Chimo,1996,0,30.7099990844727
Chimo,1997,5.03209990902588,31.9899997711182
Chimo,1998,0.502913138519549,30.9699993133545
Chimo,1999,0,30.5999984741211
Chimo,2000,0.622969090585414,30.939998626709
Chimo,2001,0.394341677250715,31.1700000762939
Chimo,2002,0.843711488571821,31.1199989318848
Chimo,2003,0.766568228160967,30.8499984741211
Chimo,2004,2.30467737874677,31.2199993133545
Chimo,2005,1.94456545281677,31.3899993896484
Chimo,2006,5.26712862075043,31.6299991607666
Chimo,2007,0.159313782961295,30.8299999237061
Chimo,2008,0.327198645721697,30.8699989318848
Chimo,2009,1.18948171545284,31.0799999237061
Chimo,2010,0,30.5499992370605
Chimo,2011,1.10662458349483,30.8999996185303
Chimo,2012,3.22473365778669,31.3999996185303
Chimo,2013,0.735826364232178,30.6999988555908
Chimo,2014,4.49352896001639,31.5900001525879
Chimo,2015,3.82781469610038,31.0100002288818
Chimo,2016,0.476512472279532,30.689998626709
Chimo,2017,0.620111882333461,30.8199996948242
Chimo,2018,4.75141370288631,31.6399993896484
Chimo,2019,0.802969123282819,27.6399993896484
Chocota,1981,NA,30.8199996948242
Chocota,1982,0.157885178835318,30.7799987792969
Chocota,1983,1.25593841005266,30.9099998474121
Chocota,1984,0.405770237780151,31.189998626709
Chocota,1985,0,30.5299987792969
Chocota,1986,0,30.519998550415
Chocota,1987,0.355770455762852,31
Chocota,1988,0.157885178835318,30.8199996948242
Chocota,1989,0.157885178835318,30.5100002288818
Chocota,1990,0.312913149418684,30.8199996948242
Chocota,1991,0.294341840737741,30.7600002288818
Chocota,1992,0.149313826557835,30.7600002288818
Chocota,1993,0.517941174497724,31.0100002288818
Chocota,1994,0.288627424233834,30.7299995422363
Chocota,1995,0,30.1499996185303
Chocota,1996,0,30.7099990844727
Chocota,1997,5.03209990902588,31.9899997711182
Chocota,1998,0.502913138519549,30.9699993133545
Chocota,1999,0,30.5999984741211
Chocota,2000,0.622969090585414,30.939998626709
Chocota,2001,0.394341677250715,31.1700000762939
Chocota,2002,0.843711488571821,31.1199989318848
Chocota,2003,0.766568228160967,30.8499984741211
Chocota,2004,2.30467737874677,31.2199993133545
Chocota,2005,1.94456545281677,31.3899993896484
Chocota,2006,5.26712862075043,31.6299991607666
Chocota,2007,0.159313782961295,30.8299999237061
Chocota,2008,0.327198645721697,30.8699989318848
Chocota,2009,1.18948171545284,31.0799999237061
Chocota,2010,0,30.5499992370605
Chocota,2011,1.10662458349483,30.8999996185303
Chocota,2012,3.22473365778669,31.3999996185303
Chocota,2013,0.735826364232178,30.6999988555908
Chocota,2014,4.49352896001639,31.5900001525879
Chocota,2015,3.82781469610038,31.0100002288818
Chocota,2016,0.476512472279532,30.689998626709
Chocota,2017,0.620111882333461,30.8199996948242
Chocota,2018,4.75141370288631,31.6399993896484
Chocota,2019,0.802969123282819,27.6399993896484
Darwin_North_Anchorage,1981,NA,26.0799999237061
Darwin_North_Anchorage,1982,2.24462137981965,29.2199993133545
Darwin_North_Anchorage,1983,24.865864957768,31.1999988555908
Darwin_North_Anchorage,1984,1.28841042848227,29.2999992370605
Darwin_North_Anchorage,1985,0,27.7199993133545
Darwin_North_Anchorage,1986,0,28.2399997711182
Darwin_North_Anchorage,1987,7.71644816483378,29.3099994659424
Darwin_North_Anchorage,1988,0,27.7600002288818
Darwin_North_Anchorage,1989,0,28.2399997711182
Darwin_North_Anchorage,1990,0,28.2399997711182
Darwin_North_Anchorage,1991,2.08747846818112,28.8499984741211
Darwin_North_Anchorage,1992,13.0351939863716,29.939998626709
Darwin_North_Anchorage,1993,6.94803901155032,30.4499988555908
Darwin_North_Anchorage,1994,0,28.2899990081787
Darwin_North_Anchorage,1995,0.724397602797026,28.6299991607666
Darwin_North_Anchorage,1996,0.300770458851778,28.4200000762939
Darwin_North_Anchorage,1997,2.92929215459466,29.8099994659424
Darwin_North_Anchorage,1998,26.9023496478384,30.8400001525879
Darwin_North_Anchorage,1999,0.590112084695743,28.4499988555908
Darwin_North_Anchorage,2000,0.150385093186701,28.3799991607666
Darwin_North_Anchorage,2001,1.79813711481553,29.0399990081787
Darwin_North_Anchorage,2002,7.6542499628877,29.7299995422363
Darwin_North_Anchorage,2003,3.44368958300553,29.1999988555908
Darwin_North_Anchorage,2004,2.35500664739251,29.3699989318848
Darwin_North_Anchorage,2005,0,28.1999988555908
Darwin_North_Anchorage,2006,1.85813739819304,28.8499984741211
Darwin_North_Anchorage,2007,1.82956531567351,29.1099987030029
Darwin_North_Anchorage,2008,7.22062204510386,29.3899993896484
Darwin_North_Anchorage,2009,3.63149165353782,29.7099990844727
Darwin_North_Anchorage,2010,11.3553561090717,29.8299999237061
Darwin_North_Anchorage,2011,1.22698154097878,28.9799995422363
Darwin_North_Anchorage,2012,5.83051126830432,29.6399993896484
Darwin_North_Anchorage,2013,3.31160252842957,28.8499984741211
Darwin_North_Anchorage,2014,2.26280748632254,29.189998626709
Darwin_North_Anchorage,2015,3.03434875279842,29.3899993896484
Darwin_North_Anchorage,2016,9.3737038260153,30.1299991607666
Darwin_North_Anchorage,2017,9.27551670589285,29.9799995422363
Darwin_North_Anchorage,2018,1.28983848765149,28.939998626709
Darwin_North_Anchorage,2019,2.86616221033012,28.8099994659424
Floreana_Island,1981,NA,24.1099987030029
Floreana_Island,1982,0,27.4899997711182
Floreana_Island,1983,26.4658492862433,30.8799991607666
Floreana_Island,1984,0,27.3499984741211
Floreana_Island,1985,0,26.4300003051758
Floreana_Island,1986,2.09573060325135,28.7099990844727
Floreana_Island,1987,9.41436170574235,28.8999996185303
Floreana_Island,1988,0,26.75
Floreana_Island,1989,0,27.3799991607666
Floreana_Island,1990,0,27.1599998474121
Floreana_Island,1991,1.67144498705785,27.8699989318848
Floreana_Island,1992,13.0215285365875,29.5100002288818
Floreana_Island,1993,5.47074862229659,29.6999988555908
Floreana_Island,1994,0,26.269998550415
Floreana_Island,1995,0.720006707940468,28.2600002288818
Floreana_Island,1996,0.417146292856604,28.1700000762939
Floreana_Island,1997,3.00788439002925,28.5599994659424
Floreana_Island,1998,33.5201372155396,30.4699993133545
Floreana_Island,1999,0,27.4499988555908
Floreana_Island,2000,0,27.3699989318848
Floreana_Island,2001,2.51216101787685,28.689998626709
Floreana_Island,2002,4.00289297386405,28.0999984741211
Floreana_Island,2003,1.97644303486958,28.5799999237061
Floreana_Island,2004,0,27.0799999237061
Floreana_Island,2005,0.497862094793765,27.8299999237061
Floreana_Island,2006,0.936436904583265,28.2099990844727
Floreana_Island,2007,1.72930024312153,28.1199989318848
Floreana_Island,2008,6.85577029503828,28.4300003051758
Floreana_Island,2009,1.21858125615073,28.2299995422363
Floreana_Island,2010,6.42219059870696,28.8299999237061
Floreana_Island,2011,1.51358646966659,27.9300003051758
Floreana_Island,2012,3.89003282035943,28.439998626709
Floreana_Island,2013,0.525004755752191,27.8699989318848
Floreana_Island,2014,0,27.3799991607666
Floreana_Island,2015,3.02788196793506,28.3999996185303
Floreana_Island,2016,6.01218787143699,29.0900001525879
Floreana_Island,2017,10.294344559871,29.6499996185303
Floreana_Island,2018,0,27.3199996948242
Floreana_Island,2019,2.43358969829677,28.439998626709
Gorgona_Island,1981,NA,29.3899993896484
Gorgona_Island,1982,1.71563853677595,29.7899990081787
Gorgona_Island,1983,20.0538751126277,30.7099990844727
Gorgona_Island,1984,0,28.3999996185303
Gorgona_Island,1985,0,28.3099994659424
Gorgona_Island,1986,0,27.8999996185303
Gorgona_Island,1987,2.23234467321199,29.4299983978271
Gorgona_Island,1988,0.1538496802244,28.8400001525879
Gorgona_Island,1989,0,28.189998626709
Gorgona_Island,1990,0.344841977810687,29.0999984741211
Gorgona_Island,1991,0,28.5599994659424
Gorgona_Island,1992,6.18902086003036,29.8099994659424
Gorgona_Island,1993,0.860676612879117,29.1700000762939
Gorgona_Island,1994,0,28.1999988555908
Gorgona_Island,1995,0.301984671466519,28.8499984741211
Gorgona_Island,1996,0,28.5599994659424
Gorgona_Island,1997,11.3073212697052,30.0100002288818
Gorgona_Island,1998,20.479710140065,30.9299983978271
Gorgona_Island,1999,0.490120033279228,28.9599990844727
Gorgona_Island,2000,0,28.5799999237061
Gorgona_Island,2001,0,28.3899993896484
Gorgona_Island,2002,1.01166881237319,29.0699996948242
Gorgona_Island,2003,0.84539826313393,29.3400001525879
Gorgona_Island,2004,0,28.1199989318848
Gorgona_Island,2005,3.30643468157409,29.5299987792969
Gorgona_Island,2006,0,28.5799999237061
Gorgona_Island,2007,0.481548681001745,28.9899997711182
Gorgona_Island,2008,0,28.5399990081787
Gorgona_Island,2009,0,28.3899993896484
Gorgona_Island,2010,6.93199810156154,30.1399993896484
Gorgona_Island,2011,1.30694703132876,29.3199996948242
Gorgona_Island,2012,2.88016444840974,29.3499984741211
Gorgona_Island,2013,0,28.4799995422363
Gorgona_Island,2014,3.72183263953223,29.3699989318848
Gorgona_Island,2015,10.2331538448371,29.7899990081787
Gorgona_Island,2016,4.93163731507835,29.1499996185303
Gorgona_Island,2017,0.884962338063967,29.189998626709
Gorgona_Island,2018,0.309127692096401,28.8699989318848
Gorgona_Island,2019,0.18384954943478,29.0499992370605
Gulf_of_California,1981,NA,30.2899990081787
Gulf_of_California,1982,1.89344020181773,30.8499984741211
Gulf_of_California,1983,0.983512090176953,31.25
Gulf_of_California,1984,0.512107267185133,30.6700000762939
Gulf_of_California,1985,0,30.2899990081787
Gulf_of_California,1986,0,29.9499988555908
Gulf_of_California,1987,2.02489269606921,31.7799987792969
Gulf_of_California,1988,0,30.25
Gulf_of_California,1989,0,29.6999988555908
Gulf_of_California,1990,1.89346411374151,31.25
Gulf_of_California,1991,0.94208338795876,31.0100002288818
Gulf_of_California,1992,0.537821324017583,30.7799987792969
Gulf_of_California,1993,0,29.7899990081787
Gulf_of_California,1994,0.952785962941696,30.7299995422363
Gulf_of_California,1995,0.143559488958242,30.4599990844727
Gulf_of_California,1996,0,30.1299991607666
Gulf_of_California,1997,9.36226138290094,31.1499996185303
Gulf_of_California,1998,1.43917835585925,30.7799987792969
Gulf_of_California,1999,0.349976197067572,30.4799995422363
Gulf_of_California,2000,4.54186910707124,31.5599994659424
Gulf_of_California,2001,1.42419024097676,30.4499988555908
Gulf_of_California,2002,0.834940258337527,30.7199993133545
Gulf_of_California,2003,0.767797771765262,30.5799999237061
Gulf_of_California,2004,4.17402394742382,31.439998626709
Gulf_of_California,2005,4.99327319982101,31.8899993896484
Gulf_of_California,2006,4.94685715655891,31.6099987030029
Gulf_of_California,2007,0.153559445361702,30.4899997711182
Gulf_of_California,2008,4.06760707582746,31.2199993133545
Gulf_of_California,2009,3.24908326402003,31.1999988555908
Gulf_of_California,2010,0,30.4200000762939
Gulf_of_California,2011,5.32465472124061,31.2799987792969
Gulf_of_California,2012,5.69034556369392,31.0699996948242
Gulf_of_California,2013,0.837797739067856,30.0999984741211
Gulf_of_California,2014,4.76901144105561,31.3999996185303
Gulf_of_California,2015,9.90301137846344,31.3699989318848
Gulf_of_California,2016,3.58332144873483,31.019998550415
Gulf_of_California,2017,2.26484518829657,30.8799991607666
Gulf_of_California,2018,5.31184456299763,31.6799983978271
Gulf_of_California,2019,0,23.0699996948242
Hidden_Reef,1981,NA,26.0799999237061
Hidden_Reef,1982,2.24462137981965,29.2199993133545
Hidden_Reef,1983,24.865864957768,31.1999988555908
Hidden_Reef,1984,1.28841042848227,29.2999992370605
Hidden_Reef,1985,0,27.7199993133545
Hidden_Reef,1986,0,28.2399997711182
Hidden_Reef,1987,7.71644816483378,29.3099994659424
Hidden_Reef,1988,0,27.7600002288818
Hidden_Reef,1989,0,28.2399997711182
Hidden_Reef,1990,0,28.2399997711182
Hidden_Reef,1991,2.08747846818112,28.8499984741211
Hidden_Reef,1992,13.0351939863716,29.939998626709
Hidden_Reef,1993,6.94803901155032,30.4499988555908
Hidden_Reef,1994,0,28.2899990081787
Hidden_Reef,1995,0.724397602797026,28.6299991607666
Hidden_Reef,1996,0.300770458851778,28.4200000762939
Hidden_Reef,1997,2.92929215459466,29.8099994659424
Hidden_Reef,1998,26.9023496478384,30.8400001525879
Hidden_Reef,1999,0.590112084695743,28.4499988555908
Hidden_Reef,2000,0.150385093186701,28.3799991607666
Hidden_Reef,2001,1.79813711481553,29.0399990081787
Hidden_Reef,2002,7.6542499628877,29.7299995422363
Hidden_Reef,2003,3.44368958300553,29.1999988555908
Hidden_Reef,2004,2.35500664739251,29.3699989318848
Hidden_Reef,2005,0,28.1999988555908
Hidden_Reef,2006,1.85813739819304,28.8499984741211
Hidden_Reef,2007,1.82956531567351,29.1099987030029
Hidden_Reef,2008,7.22062204510386,29.3899993896484
Hidden_Reef,2009,3.63149165353782,29.7099990844727
Hidden_Reef,2010,11.3553561090717,29.8299999237061
Hidden_Reef,2011,1.22698154097878,28.9799995422363
Hidden_Reef,2012,5.83051126830432,29.6399993896484
Hidden_Reef,2013,3.31160252842957,28.8499984741211
Hidden_Reef,2014,2.26280748632254,29.189998626709
Hidden_Reef,2015,3.03434875279842,29.3899993896484
Hidden_Reef,2016,9.3737038260153,30.1299991607666
Hidden_Reef,2017,9.27551670589285,29.9799995422363
Hidden_Reef,2018,1.28983848765149,28.939998626709
Hidden_Reef,2019,2.86616221033012,28.8099994659424
Isla_Isabel,1981,NA,30.8699989318848
Isla_Isabel,1982,0.323426622085622,31.0599994659424
Isla_Isabel,1983,1.59184795119717,31.2099990844727
Isla_Isabel,1984,0.632996917948118,31.5399990081787
Isla_Isabel,1985,0,30.6999988555908
Isla_Isabel,1986,0,30.439998626709
Isla_Isabel,1987,0.319140809707692,31.019998550415
Isla_Isabel,1988,0,30.7999992370605
Isla_Isabel,1989,0,30.5799999237061
Isla_Isabel,1990,0,30.7600002288818
Isla_Isabel,1991,0,30.8299999237061
Isla_Isabel,1992,0.316283601455739,31.0499992370605
Isla_Isabel,1993,0.326283830337575,30.9899997711182
Isla_Isabel,1994,0.341997930766565,31.189998626709
Isla_Isabel,1995,0,30.2099990844727
Isla_Isabel,1996,0,30.75
Isla_Isabel,1997,4.28954988690566,31.689998626709
Isla_Isabel,1998,0.473426513094272,30.9799995422363
Isla_Isabel,1999,0,30.75
Isla_Isabel,2000,0.957422701601453,31.1599998474121
Isla_Isabel,2001,0.487282839317398,31.0699996948242
Isla_Isabel,2002,1.15413545133881,31.269998550415
Isla_Isabel,2003,0.676853113381623,31.0799999237061
Isla_Isabel,2004,3.55283703907609,31.6499996185303
Isla_Isabel,2005,1.89998991541207,31.5999984741211
Isla_Isabel,2006,5.1835464677817,31.8299999237061
Isla_Isabel,2007,0.188141942416625,31.1599998474121
Isla_Isabel,2008,0.937422516316157,31
Isla_Isabel,2009,1.79384594735855,31.25
Isla_Isabel,2010,0,30.7899990081787
Isla_Isabel,2011,1.10842175417782,31.0299987792969
Isla_Isabel,2012,3.61412537765001,31.5999984741211
Isla_Isabel,2013,0.893566320882651,30.6399993896484
Isla_Isabel,2014,3.42755231581055,31.4299983978271
Isla_Isabel,2015,3.02555464662322,31.269998550415
Isla_Isabel,2016,0.691139154641389,30.9699993133545
Isla_Isabel,2017,0.145284636072457,30.8599987030029
Isla_Isabel,2018,4.143975267291,31.519998550415
Isla_Isabel,2019,0.648281575818844,27.0499992370605
Isla_San_Pedrillo_Islas_Murcielago,1981,NA,29.3299999237061
Isla_San_Pedrillo_Islas_Murcielago,1982,0.320161205439916,29.8599987030029
Isla_San_Pedrillo_Islas_Murcielago,1983,7.3900452853034,31.0699996948242
Isla_San_Pedrillo_Islas_Murcielago,1984,0,29.5299987792969
Isla_San_Pedrillo_Islas_Murcielago,1985,0,29.4299983978271
Isla_San_Pedrillo_Islas_Murcielago,1986,0,29.6499996185303
Isla_San_Pedrillo_Islas_Murcielago,1987,4.12526453255509,30.5399990081787
Isla_San_Pedrillo_Islas_Murcielago,1988,0.462384665302732,29.8099994659424
Isla_San_Pedrillo_Islas_Murcielago,1989,0.393018380994464,30.0999984741211
Isla_San_Pedrillo_Islas_Murcielago,1990,0,29.689998626709
Isla_San_Pedrillo_Islas_Murcielago,1991,0.456670521277202,29.8699989318848
Isla_San_Pedrillo_Islas_Murcielago,1992,0.696036881879414,30.3099994659424
Isla_San_Pedrillo_Islas_Murcielago,1993,1.93811075462959,30.0599994659424
Isla_San_Pedrillo_Islas_Murcielago,1994,0,29.3299999237061
Isla_San_Pedrillo_Islas_Murcielago,1995,0.718893730459911,30.1700000762939
Isla_San_Pedrillo_Islas_Murcielago,1996,0,29.5699996948242
Isla_San_Pedrillo_Islas_Murcielago,1997,1.46858252374023,30.2299995422363
Isla_San_Pedrillo_Islas_Murcielago,1998,5.93115151124695,30.5100002288818
Isla_San_Pedrillo_Islas_Murcielago,1999,0,29.6499996185303
Isla_San_Pedrillo_Islas_Murcielago,2000,0,29.6999988555908
Isla_San_Pedrillo_Islas_Murcielago,2001,0,29.5299987792969
Isla_San_Pedrillo_Islas_Murcielago,2002,0.294447148607467,29.7600002288818
Isla_San_Pedrillo_Islas_Murcielago,2003,1.3406448326588,30.0399990081787
Isla_San_Pedrillo_Islas_Murcielago,2004,0.991912634612857,29.9899997711182
Isla_San_Pedrillo_Islas_Murcielago,2005,3.33573715179825,30.4299983978271
Isla_San_Pedrillo_Islas_Murcielago,2006,2.01382513843609,30.1599998474121
Isla_San_Pedrillo_Islas_Murcielago,2007,0.763179913408432,29.5999984741211
Isla_San_Pedrillo_Islas_Murcielago,2008,0,29.5599994659424
Isla_San_Pedrillo_Islas_Murcielago,2009,1.32270720697218,30.269998550415
Isla_San_Pedrillo_Islas_Murcielago,2010,5.94321402724909,30.4099998474121
Isla_San_Pedrillo_Islas_Murcielago,2011,0,29.5900001525879
Isla_San_Pedrillo_Islas_Murcielago,2012,0.81826042893531,29.9200000762939
Isla_San_Pedrillo_Islas_Murcielago,2013,0,29.4200000762939
Isla_San_Pedrillo_Islas_Murcielago,2014,1.37858291610909,30.0999984741211
Isla_San_Pedrillo_Islas_Murcielago,2015,4.87209639006183,30.5100002288818
Isla_San_Pedrillo_Islas_Murcielago,2016,0.891751015005809,30.3199996948242
Isla_San_Pedrillo_Islas_Murcielago,2017,1.13683179211193,30.4299983978271
Isla_San_Pedrillo_Islas_Murcielago,2018,1.58715448636927,30.1799983978271
Isla_San_Pedrillo_Islas_Murcielago,2019,0,29.2099990844727
Islas_Marietas,1981,NA,30.8299999237061
Islas_Marietas,1982,1.59020781124635,31.3799991607666
Islas_Marietas,1983,1.14243117125902,31.5399990081787
Islas_Marietas,1984,0.300898585215927,31.25
Islas_Marietas,1985,0,30.75
Islas_Marietas,1986,0,30.519998550415
Islas_Marietas,1987,0.457776596390784,31.2399997711182
Islas_Marietas,1988,0.633225916246585,31.3400001525879
Islas_Marietas,1989,0.149734990544975,31.2099990844727
Islas_Marietas,1990,0,30.9099998474121
Islas_Marietas,1991,0,30.769998550415
Islas_Marietas,1992,0.144020846519445,31.1700000762939
Islas_Marietas,1993,0,30.7999992370605
Islas_Marietas,1994,0,31.0900001525879
Islas_Marietas,1995,0,30.2999992370605
Islas_Marietas,1996,0,30.8699989318848
Islas_Marietas,1997,3.80443519381334,31.8699989318848
Islas_Marietas,1998,1.78306473612079,31.7099990844727
Islas_Marietas,1999,0,30.6599998474121
Islas_Marietas,2000,1.4250230757793,31.5499992370605
Islas_Marietas,2001,0.18973508863719,31
Islas_Marietas,2002,2.66459660282097,31.6499996185303
Islas_Marietas,2003,0.186877880385237,31.1299991607666
Islas_Marietas,2004,6.52088669933246,32.3299980163574
Islas_Marietas,2005,1.59047271171002,31.5699996948242
Islas_Marietas,2006,2.07396363741163,31.6499996185303
Islas_Marietas,2007,0,30.8499984741211
Islas_Marietas,2008,0.925818049648703,31.7399997711182
Islas_Marietas,2009,1.99253429214447,31.4799995422363
Islas_Marietas,2010,0,31.0999984741211
Islas_Marietas,2011,0.647511412549599,31.3699989318848
Islas_Marietas,2012,3.38210771019479,31.769998550415
Islas_Marietas,2013,0.812960503523564,30.9299983978271
Islas_Marietas,2014,1.2935944934516,31.3799991607666
Islas_Marietas,2015,5.24205080626276,31.6700000762939
Islas_Marietas,2016,3.87819171752326,31.6599998474121
Islas_Marietas,2017,1.02841046642833,31.3400001525879
Islas_Marietas,2018,5.4573969398383,32.9799995422363
Islas_Marietas,2019,0.296613045316373,25.3099994659424
La_Entrega,1981,NA,30.6099987030029
La_Entrega,1982,1.62722172997671,31.3599987030029
La_Entrega,1983,9.23751113381804,31.8299999237061
La_Entrega,1984,0,30.439998626709
La_Entrega,1985,0.517169206216196,31.0999984741211
La_Entrega,1986,0.948624072222432,31.0299987792969
La_Entrega,1987,0.633844561448139,30.939998626709
La_Entrega,1988,0,30.6199989318848
La_Entrega,1989,0.336208027707189,31.019998550415
La_Entrega,1990,0.63145481151056,31.3099994659424
La_Entrega,1991,5.20117201469226,32.2700004577637
La_Entrega,1992,0.866234398578798,31.1099987030029
La_Entrega,1993,0.759091268957565,30.9299983978271
La_Entrega,1994,0.475740503998004,31.0999984741211
La_Entrega,1995,0,30.6399993896484
La_Entrega,1996,0,30.7199993133545
La_Entrega,1997,2.18106664019717,31.25
La_Entrega,1998,1.60436433643946,31.269998550415
La_Entrega,1999,0.306207886018433,30.8699989318848
La_Entrega,2000,0.645273121977575,31
La_Entrega,2001,1.72200138243976,31
La_Entrega,2002,3.14633891204222,31.4699993133545
La_Entrega,2003,0.638130373826069,31
La_Entrega,2004,2.3101054725873,31.5
La_Entrega,2005,3.60922252386318,31.5999984741211
La_Entrega,2006,3.86205404788904,32.6100006103516
La_Entrega,2007,0,30.4699993133545
La_Entrega,2008,0,30.5499992370605
La_Entrega,2009,0.945766863970478,31.0299987792969
La_Entrega,2010,1.01005268724754,31.1299991607666
La_Entrega,2011,0.163818201475665,30.939998626709
La_Entrega,2012,0.454312259543484,30.8999996185303
La_Entrega,2013,0,30.5799999237061
La_Entrega,2014,2.58202767701743,31.5699996948242
La_Entrega,2015,6.14029009048684,31.4200000762939
La_Entrega,2016,3.64779483526455,31.519998550415
La_Entrega,2017,2.65727433003118,31.2299995422363
La_Entrega,2018,1.72007881833818,31.439998626709
La_Entrega,2019,0,29.8499984741211
Las_Iglesias,1981,NA,30.8199996948242
Las_Iglesias,1982,0.157885178835318,30.7799987792969
Las_Iglesias,1983,1.25593841005266,30.9099998474121
Las_Iglesias,1984,0.405770237780151,31.189998626709
Las_Iglesias,1985,0,30.5299987792969
Las_Iglesias,1986,0,30.519998550415
Las_Iglesias,1987,0.355770455762852,31
Las_Iglesias,1988,0.157885178835318,30.8199996948242
Las_Iglesias,1989,0.157885178835318,30.5100002288818
Las_Iglesias,1990,0.312913149418684,30.8199996948242
Las_Iglesias,1991,0.294341840737741,30.7600002288818
Las_Iglesias,1992,0.149313826557835,30.7600002288818
Las_Iglesias,1993,0.517941174497724,31.0100002288818
Las_Iglesias,1994,0.288627424233834,30.7299995422363
Las_Iglesias,1995,0,30.1499996185303
Las_Iglesias,1996,0,30.7099990844727
Las_Iglesias,1997,5.03209990902588,31.9899997711182
Las_Iglesias,1998,0.502913138519549,30.9699993133545
Las_Iglesias,1999,0,30.5999984741211
Las_Iglesias,2000,0.622969090585414,30.939998626709
Las_Iglesias,2001,0.394341677250715,31.1700000762939
Las_Iglesias,2002,0.843711488571821,31.1199989318848
Las_Iglesias,2003,0.766568228160967,30.8499984741211
Las_Iglesias,2004,2.30467737874677,31.2199993133545
Las_Iglesias,2005,1.94456545281677,31.3899993896484
Las_Iglesias,2006,5.26712862075043,31.6299991607666
Las_Iglesias,2007,0.159313782961295,30.8299999237061
Las_Iglesias,2008,0.327198645721697,30.8699989318848
Las_Iglesias,2009,1.18948171545284,31.0799999237061
Las_Iglesias,2010,0,30.5499992370605
Las_Iglesias,2011,1.10662458349483,30.8999996185303
Las_Iglesias,2012,3.22473365778669,31.3999996185303
Las_Iglesias,2013,0.735826364232178,30.6999988555908
Las_Iglesias,2014,4.49352896001639,31.5900001525879
Las_Iglesias,2015,3.82781469610038,31.0100002288818
Las_Iglesias,2016,0.476512472279532,30.689998626709
Las_Iglesias,2017,0.620111882333461,30.8199996948242
Las_Iglesias,2018,4.75141370288631,31.6399993896484
Las_Iglesias,2019,0.802969123282819,27.6399993896484
Leptoseris_reef,1981,NA,29.2199993133545
Leptoseris_reef,1982,0.639552160969998,30.0799999237061
Leptoseris_reef,1983,7.99277781624006,31.2999992370605
Leptoseris_reef,1984,0,29.8099994659424
Leptoseris_reef,1985,0,29.4299983978271
Leptoseris_reef,1986,0.302633103451657,29.9499988555908
Leptoseris_reef,1987,2.27425906499645,30.4200000762939
Leptoseris_reef,1988,0,29.3899993896484
Leptoseris_reef,1989,0.322633288736952,30.1099987030029
Leptoseris_reef,1990,0.345490409795825,30.1499996185303
Leptoseris_reef,1991,0.296918959426126,29.939998626709
Leptoseris_reef,1992,0.716695148902476,30.4899997711182
Leptoseris_reef,1993,0.852297327720938,30.2199993133545
Leptoseris_reef,1994,0,29.7999992370605
Leptoseris_reef,1995,0.633838016944468,30.0299987792969
Leptoseris_reef,1996,0,29.6499996185303
Leptoseris_reef,1997,1.75591191561148,30.1599998474121
Leptoseris_reef,1998,4.60863035677922,30.5900001525879
Leptoseris_reef,1999,0,29.689998626709
Leptoseris_reef,2000,0,29.5399990081787
Leptoseris_reef,2001,0,29.5399990081787
Leptoseris_reef,2002,0.316918872233046,30.019998550415
Leptoseris_reef,2003,1.64042104805199,30.4699993133545
Leptoseris_reef,2004,2.31865664639702,30.5900001525879
Leptoseris_reef,2005,5.16291622365282,30.7399997711182
Leptoseris_reef,2006,7.33014410243684,30.9699993133545
Leptoseris_reef,2007,1.05801168972917,30.0100002288818
Leptoseris_reef,2008,0,29.7999992370605
Leptoseris_reef,2009,0.953614097429467,30.1799983978271
Leptoseris_reef,2010,6.11367365778709,30.6799983978271
Leptoseris_reef,2011,0,29.5499992370605
Leptoseris_reef,2012,1.22767648075347,30.3499984741211
Leptoseris_reef,2013,0,29.6199989318848
Leptoseris_reef,2014,1.62173779596224,30.2299995422363
Leptoseris_reef,2015,9.10616923665592,31.0999984741211
Leptoseris_reef,2016,1.29218591836976,30.6499996185303
Leptoseris_reef,2017,1.04515452507376,30.4499988555908
Leptoseris_reef,2018,1.58899266190871,30.2899990081787
Leptoseris_reef,2019,0,29.1599998474121
Majahuitas,1981,NA,31.1499996185303
Majahuitas,1982,0.482671148766021,31.1199989318848
Majahuitas,1983,1.72033258956698,31.3199996948242
Majahuitas,1984,0.645528204430084,31.6799983978271
Majahuitas,1985,0,30.6399993896484
Majahuitas,1986,0,30.5299987792969
Majahuitas,1987,0,30.9099998474121
Majahuitas,1988,0,30.6399993896484
Majahuitas,1989,0,30.5299987792969
Majahuitas,1990,0,30.7299995422363
Majahuitas,1991,0,30.7299995422363
Majahuitas,1992,0.172319034277569,31.1599998474121
Majahuitas,1993,0.307494906236499,31.0399990081787
Majahuitas,1994,0.346066672681114,31.3199996948242
Majahuitas,1995,0,30.4799995422363
Majahuitas,1996,0,30.8499984741211
Majahuitas,1997,3.30227972285539,31.5699996948242
Majahuitas,1998,0.440352092690182,31.0100002288818
Majahuitas,1999,0,30.8299999237061
Majahuitas,2000,0.328923695647772,31.25
Majahuitas,2001,0.297495222311416,31.0100002288818
Majahuitas,2002,0.843023317750149,31.25
Majahuitas,2003,0.707847445791218,31.25
Majahuitas,2004,5.50153535412204,31.9200000762939
Majahuitas,2005,1.73515606365995,31.7799987792969
Majahuitas,2006,5.66975499517907,32.1699981689453
Majahuitas,2007,0.338923652051231,31.2899990081787
Majahuitas,2008,0.817308988439323,31.1700000762939
Majahuitas,2009,1.59033261136525,31.2099990844727
Majahuitas,2010,0.301781034689345,30.9499988555908
Majahuitas,2011,0.741594877111198,31.019998550415
Majahuitas,2012,4.09977440021005,31.8699989318848
Majahuitas,2013,1.11962800091862,30.6199989318848
Majahuitas,2014,3.45923621533653,31.4799995422363
Majahuitas,2015,4.88064579590125,31.5499992370605
Majahuitas,2016,0.890166163993871,30.8999996185303
Majahuitas,2017,0.14803330909272,30.9899997711182
Majahuitas,2018,2.91799338731898,31.5
Majahuitas,2019,0.476957004740491,26.8099994659424
Malpelo_Island,1981,NA,27.4300003051758
Malpelo_Island,1982,4.88696488649771,29.9499988555908
Malpelo_Island,1983,16.4801448221816,30.9299983978271
Malpelo_Island,1984,0.336386028287283,29.0100002288818
Malpelo_Island,1985,0,28.6700000762939
Malpelo_Island,1986,0,28.6599998474121
Malpelo_Island,1987,2.29865038434167,29.3499984741211
Malpelo_Island,1988,0.694200301029087,29.0299987792969
Malpelo_Island,1989,0,28.269998550415
Malpelo_Island,1990,0.144621454782593,28.7199993133545
Malpelo_Island,1991,0.875964373173565,29.1099987030029
Malpelo_Island,1992,2.41512178228904,29.689998626709
Malpelo_Island,1993,2.66184309330953,29.6599998474121
Malpelo_Island,1994,0.294957326069091,28.75
Malpelo_Island,1995,0.150335871286499,28.7600002288818
Malpelo_Island,1996,0,28.3199996948242
Malpelo_Island,1997,6.22503027121749,29.769998550415
Malpelo_Island,1998,16.3948462136565,30.6199989318848
Malpelo_Island,1999,0,28.0299987792969
Malpelo_Island,2000,0,28.1499996185303
Malpelo_Island,2001,0,28.1199989318848
Malpelo_Island,2002,1.54697184534431,29.4599990844727
Malpelo_Island,2003,4.94738583316765,30.3499984741211
Malpelo_Island,2004,0.146050058908569,28.7299995422363
Malpelo_Island,2005,2.63722193280359,29.769998550415
Malpelo_Island,2006,0,28.5100002288818
Malpelo_Island,2007,4.58772229300744,29.9099998474121
Malpelo_Island,2008,1.09377925626693,28.9699993133545
Malpelo_Island,2009,0.147478663034546,28.7399997711182
Malpelo_Island,2010,13.1055230077275,30.1099987030029
Malpelo_Island,2011,2.10369343974231,29.3400001525879
Malpelo_Island,2012,2.96075052395708,29.6099987030029
Malpelo_Island,2013,7.35637335309549,30.0900001525879
Malpelo_Island,2014,6.61965063608658,29.9499988555908
Malpelo_Island,2015,12.3232523903712,30.519998550415
Malpelo_Island,2016,6.61788632416113,29.6799983978271
Malpelo_Island,2017,2.29722205269407,29.2099990844727
Malpelo_Island,2018,0.615628708970632,28.8999996185303
Malpelo_Island,2019,0.719914357861537,29.269998550415
Matapalo,1981,NA,29.4699993133545
Matapalo,1982,0.363630851685334,30.1700000762939
Matapalo,1983,7.89865435292017,31.269998550415
Matapalo,1984,0.456160154524723,30.019998550415
Matapalo,1985,0,29.5799999237061
Matapalo,1986,0.143958233939417,29.8999996185303
Matapalo,1987,3.66312175741943,30.4299983978271
Matapalo,1988,0,29.8799991607666
Matapalo,1989,0.355059226929475,30.1700000762939
Matapalo,1990,0.307916380685753,29.9899997711182
Matapalo,1991,0.477588671457619,30.1399993896484
Matapalo,1992,0.41505923782861,30.5100002288818
Matapalo,1993,0.650118715438191,30.0999984741211
Matapalo,1994,0,29.6499996185303
Matapalo,1995,0.322201876988766,30.0999984741211
Matapalo,1996,0,29.5299987792969
Matapalo,1997,1.57386704006032,30.2199993133545
Matapalo,1998,5.71951885235946,30.7099990844727
Matapalo,1999,0,29.5100002288818
Matapalo,2000,0,29.7999992370605
Matapalo,2001,0,29.5299987792969
Matapalo,2002,0.151100982090923,29.9499988555908
Matapalo,2003,1.38166541375166,30.2799987792969
Matapalo,2004,1.15199311208066,30.2399997711182
Matapalo,2005,2.28035498010712,30.4299983978271
Matapalo,2006,3.38630660950471,30.3899993896484
Matapalo,2007,0.563303284145956,30.019998550415
Matapalo,2008,0,29.6399993896484
Matapalo,2009,0.682975520422147,30.1599998474121
Matapalo,2010,6.14951861257849,30.7099990844727
Matapalo,2011,0,29.4499988555908
Matapalo,2012,0.855505291924343,30.1700000762939
Matapalo,2013,0,29.5299987792969
Matapalo,2014,0.769791224192758,30.1099987030029
Matapalo,2015,7.03008348020463,30.8699989318848
Matapalo,2016,0.855832260011293,30.4299983978271
Matapalo,2017,1.01979095171438,30.4299983978271
Matapalo,2018,0.795505281025208,30.1599998474121
Matapalo,2019,0,29.3799991607666
Paredon,1981,NA,31.1499996185303
Paredon,1982,0.482671148766021,31.1199989318848
Paredon,1983,1.72033258956698,31.3199996948242
Paredon,1984,0.645528204430084,31.6799983978271
Paredon,1985,0,30.6399993896484
Paredon,1986,0,30.5299987792969
Paredon,1987,0,30.9099998474121
Paredon,1988,0,30.6399993896484
Paredon,1989,0,30.5299987792969
Paredon,1990,0,30.7299995422363
Paredon,1991,0,30.7299995422363
Paredon,1992,0.172319034277569,31.1599998474121
Paredon,1993,0.307494906236499,31.0399990081787
Paredon,1994,0.346066672681114,31.3199996948242
Paredon,1995,0,30.4799995422363
Paredon,1996,0,30.8499984741211
Paredon,1997,3.30227972285539,31.5699996948242
Paredon,1998,0.440352092690182,31.0100002288818
Paredon,1999,0,30.8299999237061
Paredon,2000,0.328923695647772,31.25
Paredon,2001,0.297495222311416,31.0100002288818
Paredon,2002,0.843023317750149,31.25
Paredon,2003,0.707847445791218,31.25
Paredon,2004,5.50153535412204,31.9200000762939
Paredon,2005,1.73515606365995,31.7799987792969
Paredon,2006,5.66975499517907,32.1699981689453
Paredon,2007,0.338923652051231,31.2899990081787
Paredon,2008,0.817308988439323,31.1700000762939
Paredon,2009,1.59033261136525,31.2099990844727
Paredon,2010,0.301781034689345,30.9499988555908
Paredon,2011,0.741594877111198,31.019998550415
Paredon,2012,4.09977440021005,31.8699989318848
Paredon,2013,1.11962800091862,30.6199989318848
Paredon,2014,3.45923621533653,31.4799995422363
Paredon,2015,4.88064579590125,31.5499992370605
Paredon,2016,0.890166163993871,30.8999996185303
Paredon,2017,0.14803330909272,30.9899997711182
Paredon,2018,2.91799338731898,31.5
Paredon,2019,0.476957004740491,26.8099994659424
Punta_Mita,1981,NA,31.0599994659424
Punta_Mita,1982,1.70572715405181,31.269998550415
Punta_Mita,1983,1.61729724129381,31.2799987792969
Punta_Mita,1984,0.642432508223774,31.6499996185303
Punta_Mita,1985,0,30.689998626709
Punta_Mita,1986,0,30.5499992370605
Punta_Mita,1987,0.329716924776601,31.1799983978271
Punta_Mita,1988,0,30.7299995422363
Punta_Mita,1989,0,30.5799999237061
Punta_Mita,1990,0,30.7299995422363
Punta_Mita,1991,0,30.8299999237061
Punta_Mita,1992,0.326859716524648,31.1999988555908
Punta_Mita,1993,0.145572715405181,30.9599990844727
Punta_Mita,1994,0.349716837583521,31.3099994659424
Punta_Mita,1995,0,30.0499992370605
Punta_Mita,1996,0.469575496156252,31.0599994659424
Punta_Mita,1997,4.3211708841079,31.689998626709
Punta_Mita,1998,0.609575158283065,31.0499992370605
Punta_Mita,1999,0,30.8899993896484
Punta_Mita,2000,0.529575507055387,31.3099994659424
Punta_Mita,2001,0.482432388333289,31.0999984741211
Punta_Mita,2002,0.880720676286508,31.3699989318848
Punta_Mita,2003,0.659433849553202,31.1499996185303
Punta_Mita,2004,4.4640285719218,31.939998626709
Punta_Mita,2005,1.8214419084289,31.6199989318848
Punta_Mita,2006,4.87789068699197,31.939998626709
Punta_Mita,2007,0.34400269355799,31.3400001525879
Punta_Mita,2008,1.35315338069471,31.3999996185303
Punta_Mita,2009,2.15101665254484,31.3699989318848
Punta_Mita,2010,0,30.7099990844727
Punta_Mita,2011,1.1247238058099,31.2299995422363
Punta_Mita,2012,4.37131339174262,31.7199993133545
Punta_Mita,2013,1.0862936750692,30.6499996185303
Punta_Mita,2014,3.04888112329982,31.2799987792969
Punta_Mita,2015,4.08103029472095,31.4899997711182
Punta_Mita,2016,1.13472348973498,31.2099990844727
Punta_Mita,2017,0.462432475526369,31.0399990081787
Punta_Mita,2018,3.94817338074564,31.7299995422363
Punta_Mita,2019,0.157001275934617,26.4099998474121
Punta_Uvita,1981,NA,28.9499988555908
Punta_Uvita,1982,3.52771512735353,31.6299991607666
Punta_Uvita,1983,6.31381214724472,32.0200004577637
Punta_Uvita,1984,0,30.439998626709
Punta_Uvita,1985,0,29.9799995422363
Punta_Uvita,1986,0,29.9599990844727
Punta_Uvita,1987,0.313396846251396,30.7099990844727
Punta_Uvita,1988,0,30.5900001525879
Punta_Uvita,1989,0,30.3599987030029
Punta_Uvita,1990,0,30.519998550415
Punta_Uvita,1991,0.949206379544507,31.189998626709
Punta_Uvita,1992,2.06466746754047,31.1199989318848
Punta_Uvita,1993,0,30.25
Punta_Uvita,1994,0,30.2399997711182
Punta_Uvita,1995,0,30.3999996185303
Punta_Uvita,1996,0,30.3899993896484
Punta_Uvita,1997,0.49866707941825,30.9200000762939
Punta_Uvita,1998,4.42835114644184,31.4699993133545
Punta_Uvita,1999,0,30.3799991607666
Punta_Uvita,2000,0,30.2299995422363
Punta_Uvita,2001,0,30.5499992370605
Punta_Uvita,2002,2.0689532799184,31.1399993896484
Punta_Uvita,2003,0,30.5900001525879
Punta_Uvita,2004,1.38930232466797,31.2199993133545
Punta_Uvita,2005,0,30.4299983978271
Punta_Uvita,2006,0.458666981326034,30.7399997711182
Punta_Uvita,2007,0,30.5699996948242
Punta_Uvita,2008,0,30.3499984741211
Punta_Uvita,2009,0,30.1299991607666
Punta_Uvita,2010,1.17831776219029,30.8299999237061
Punta_Uvita,2011,0,30.4699993133545
Punta_Uvita,2012,0,30.5499992370605
Punta_Uvita,2013,0.145269862596262,30.6199989318848
Punta_Uvita,2014,1.62358767928223,31.439998626709
Punta_Uvita,2015,1.88742950450754,31.2199993133545
Punta_Uvita,2016,4.6613030355176,31.5
Punta_Uvita,2017,2.38476339086566,30.8999996185303
Punta_Uvita,2018,0,30.5599994659424
Punta_Uvita,2019,0,30.2999992370605
Roca_Espejo_1,1981,NA,25.9200000762939
Roca_Espejo_1,1982,0.486813830575949,28.1499996185303
Roca_Espejo_1,1983,27.8450680658015,30.7799987792969
Roca_Espejo_1,1984,0.345971161476321,28.1700000762939
Roca_Espejo_1,1985,0,25.9899997711182
Roca_Espejo_1,1986,0.842784675977353,28.1700000762939
Roca_Espejo_1,1987,12.9643321850333,29.6499996185303
Roca_Espejo_1,1988,0,26.8899993896484
Roca_Espejo_1,1989,0,27.5999984741211
Roca_Espejo_1,1990,0,27.6499996185303
Roca_Espejo_1,1991,3.66685294602716,28.5299987792969
Roca_Espejo_1,1992,15.2688022319073,29.7899990081787
Roca_Espejo_1,1993,5.62333763014571,29.4699993133545
Roca_Espejo_1,1994,0.153699833755041,27.8999996185303
Roca_Espejo_1,1995,0.661942181263886,28.2299995422363
Roca_Espejo_1,1996,0.340256744972415,28.019998550415
Roca_Espejo_1,1997,9.16454827777643,29.3999996185303
Roca_Espejo_1,1998,31.2236394398773,30.8699989318848
Roca_Espejo_1,1999,0.350256701375874,28.1399993896484
Roca_Espejo_1,2000,0,27.2600002288818
Roca_Espejo_1,2001,2.32212648115478,28.8599987030029
Roca_Espejo_1,2002,6.71007997476403,28.9599990844727
Roca_Espejo_1,2003,3.84633897652039,29.2199993133545
Roca_Espejo_1,2004,0,27.4300003051758
Roca_Espejo_1,2005,1.9447268463421,28.75
Roca_Espejo_1,2006,2.12699794518155,28.8699989318848
Roca_Espejo_1,2007,2.81776825639274,28.4599990844727
Roca_Espejo_1,2008,8.24663563258087,29.3699989318848
Roca_Espejo_1,2009,0.562527941904074,28.3299999237061
Roca_Espejo_1,2010,9.77370560867681,29.2099990844727
Roca_Espejo_1,2011,4.85762298475997,28.5599994659424
Roca_Espejo_1,2012,4.72450975087852,28.8400001525879
Roca_Espejo_1,2013,1.89615512349403,28.8299999237061
Roca_Espejo_1,2014,0.620513479045694,27.9599990844727
Roca_Espejo_1,2015,7.30319283807489,29
Roca_Espejo_1,2016,5.80897993944129,28.5100002288818
Roca_Espejo_1,2017,9.87286352813047,29.6799983978271
Roca_Espejo_1,2018,1.57531269417537,28.519998550415
Roca_Espejo_1,2019,2.14271259056729,28.939998626709
Rocas_las_tres_hermanas,1981,NA,29.1499996185303
Rocas_las_tres_hermanas,1982,3.70979102620018,31.8999996185303
Rocas_las_tres_hermanas,1983,6.16478272752592,32.1100006103516
Rocas_las_tres_hermanas,1984,0,30.2899990081787
Rocas_las_tres_hermanas,1985,0,29.9699993133545
Rocas_las_tres_hermanas,1986,0,30.0900001525879
Rocas_las_tres_hermanas,1987,0.330128574308555,30.9099998474121
Rocas_las_tres_hermanas,1988,0.144349799805993,30.689998626709
Rocas_las_tres_hermanas,1989,0,30.1700000762939
Rocas_las_tres_hermanas,1990,0.600256320282847,30.7899990081787
Rocas_las_tres_hermanas,1991,0.914606741339537,31.2600002288818
Rocas_las_tres_hermanas,1992,1.71635593655394,31.1700000762939
Rocas_las_tres_hermanas,1993,0,30.3799991607666
Rocas_las_tres_hermanas,1994,0,30.269998550415
Rocas_las_tres_hermanas,1995,0,30.3899993896484
Rocas_las_tres_hermanas,1996,0,30.4899997711182
Rocas_las_tres_hermanas,1997,0.478764186492478,30.9200000762939
Rocas_las_tres_hermanas,1998,3.7884266710815,31.4299983978271
Rocas_las_tres_hermanas,1999,0,30.5399990081787
Rocas_las_tres_hermanas,2000,0,30.1499996185303
Rocas_las_tres_hermanas,2001,0,30.4599990844727
Rocas_las_tres_hermanas,2002,2.24940571744164,31.0299987792969
Rocas_las_tres_hermanas,2003,0.334414114208109,30.9200000762939
Rocas_las_tres_hermanas,2004,1.24902058306927,31.1999988555908
Rocas_las_tres_hermanas,2005,0,30.5999984741211
Rocas_las_tres_hermanas,2006,0.300128432619799,30.7399997711182
Rocas_las_tres_hermanas,2007,0.142921195680017,30.6799983978271
Rocas_las_tres_hermanas,2008,0,30.3899993896484
Rocas_las_tres_hermanas,2009,0,30.1399993896484
Rocas_las_tres_hermanas,2010,1.84356303180496,31.0900001525879
Rocas_las_tres_hermanas,2011,0,30.6599998474121
Rocas_las_tres_hermanas,2012,0.161492776839336,30.8099994659424
Rocas_las_tres_hermanas,2013,0,30.4699993133545
Rocas_las_tres_hermanas,2014,1.59622780910992,31.6700000762939
Rocas_las_tres_hermanas,2015,1.84349925146046,31.1499996185303
Rocas_las_tres_hermanas,2016,5.98646778272437,31.6399993896484
Rocas_las_tres_hermanas,2017,1.26337067715191,30.9499988555908
Rocas_las_tres_hermanas,2018,0.144349799805993,30.689998626709
Rocas_las_tres_hermanas,2019,0,30.5100002288818
Saboga_Island,1981,NA,29.7600002288818
Saboga_Island,1982,1.80146279951342,30.2299995422363
Saboga_Island,1983,6.99411512426778,31.2799987792969
Saboga_Island,1984,0,29.0900001525879
Saboga_Island,1985,0,29.1199989318848
Saboga_Island,1986,0,29.3899993896484
Saboga_Island,1987,0.143860579834503,29.6499996185303
Saboga_Island,1988,0,29.5100002288818
Saboga_Island,1989,0,29.1199989318848
Saboga_Island,1990,0,29.1700000762939
Saboga_Island,1991,0.961734438915641,29.8599987030029
Saboga_Island,1992,0.961734438915641,30.0100002288818
Saboga_Island,1993,0,29.5399990081787
Saboga_Island,1994,0,29.5699996948242
Saboga_Island,1995,0.973163271923454,29.8799991607666
Saboga_Island,1996,0,29.3899993896484
Saboga_Island,1997,1.83003406459782,30.2199993133545
Saboga_Island,1998,3.75948969587988,30.4799995422363
Saboga_Island,1999,0,29.3699989318848
Saboga_Island,2000,0,29.5699996948242
Saboga_Island,2001,0.853588689752176,30.0100002288818
Saboga_Island,2002,0.330578193534799,29.8599987030029
Saboga_Island,2003,0.330578193534799,29.6199989318848
Saboga_Island,2004,0,29.4799995422363
Saboga_Island,2005,1.70818054400334,30.0299987792969
Saboga_Island,2006,2.67076558969459,30.0399990081787
Saboga_Island,2007,0.143860579834503,29.6499996185303
Saboga_Island,2008,0,29.4200000762939
Saboga_Island,2009,0.146717788086456,29.6700000762939
Saboga_Island,2010,3.5886392852887,30.2399997711182
Saboga_Island,2011,0,29.5
Saboga_Island,2012,2.00532311776868,30.2399997711182
Saboga_Island,2013,0.153860536237963,29.7199993133545
Saboga_Island,2014,0.709727837439297,29.9200000762939
Saboga_Island,2015,1.72103743618037,30.1999988555908
Saboga_Island,2016,0.30629246834995,29.6499996185303
Saboga_Island,2017,2.61119020098732,30.2199993133545
Saboga_Island,2018,0.658299451296021,30.0799999237061
Saboga_Island,2019,0.316292697231786,27.1399993896484
Socorro_Island,1981,NA,28.4499988555908
Socorro_Island,1982,9.60885759432744,30.189998626709
Socorro_Island,1983,1.38071770382367,29.2899990081787
Socorro_Island,1984,2.45321957636539,30.3199996948242
Socorro_Island,1985,0,28.3499984741211
Socorro_Island,1986,3.63840011737314,29.7600002288818
Socorro_Island,1987,7.14073080950618,29.4599990844727
Socorro_Island,1988,3.95527646728375,28.3899993896484
Socorro_Island,1989,0.144196853110318,28.8099994659424
Socorro_Island,1990,2.02616482835761,29.3599987030029
Socorro_Island,1991,0.76669878014771,28.9099998474121
Socorro_Island,1992,1.57071796540291,29.4599990844727
Socorro_Island,1993,0.502590526633548,29.0599994659424
Socorro_Island,1994,5.01617144659367,29.4299983978271
Socorro_Island,1995,1.01660961379653,29.1599998474121
Socorro_Island,1996,0,28.769998550415
Socorro_Island,1997,12.5126996457851,30.439998626709
Socorro_Island,1998,2.20036209563506,29.6599998474121
Socorro_Island,1999,0,28.6999988555908
Socorro_Island,2000,2.60884499000514,29.4200000762939
Socorro_Island,2001,2.30330803427279,29.5799999237061
Socorro_Island,2002,1.62348578932098,29.2799987792969
Socorro_Island,2003,6.85027939493205,30.1499996185303
Socorro_Island,2004,5.30670436296595,30.019998550415
Socorro_Island,2005,1.71928897980721,29.75
Socorro_Island,2006,3.93697156774283,29.769998550415
Socorro_Island,2007,1.44509242097354,29.019998550415
Socorro_Island,2008,0.678215853080222,29.0699996948242
Socorro_Island,2009,9.73707284795523,29.9499988555908
Socorro_Island,2010,0,28.6099987030029
Socorro_Island,2011,0.919555334451561,29.269998550415
Socorro_Island,2012,3.02857783972393,29.7199993133545
Socorro_Island,2013,3.00018408990675,30
Socorro_Island,2014,11.2041268766201,30.2999992370605
Socorro_Island,2015,16.1894034855926,30.1199989318848
Socorro_Island,2016,8.89903657007876,30.0999984741211
Socorro_Island,2017,6.95572805624403,29.2799987792969
Socorro_Island,2018,10.2001974571685,29.8999996185303
Socorro_Island,2019,0.738215863979357,26.1099987030029
Uva_Island,1981,NA,29
Uva_Island,1982,0.792533777198014,30.6399993896484
Uva_Island,1983,7.56932322833003,32
Uva_Island,1984,0.530948853006169,30.4599990844727
Uva_Island,1985,0,29.5900001525879
Uva_Island,1986,0,29.5699996948242
Uva_Island,1987,0,29.7899990081787
Uva_Island,1988,0.378728010216538,30.5699996948242
Uva_Island,1989,0,29.9299983978271
Uva_Island,1990,0,30.0299987792969
Uva_Island,1991,0,29.9499988555908
Uva_Island,1992,0.930469123684631,30.3499984741211
Uva_Island,1993,0,29.8599987030029
Uva_Island,1994,0,30.0999984741211
Uva_Island,1995,0,29.8899993896484
Uva_Island,1996,0,29.9699993133545
Uva_Island,1997,5.58155412090068,31.3999996185303
Uva_Island,1998,10.2796258731764,31.4099998474121
Uva_Island,1999,0,29.9200000762939
Uva_Island,2000,0,30.019998550415
Uva_Island,2001,0,29.7899990081787
Uva_Island,2002,0.167935488175373,30.3400001525879
Uva_Island,2003,1.00904098822146,30.5599994659424
Uva_Island,2004,0.755391159836128,30.2600002288818
Uva_Island,2005,1.71935334497569,30.5499992370605
Uva_Island,2006,0.621741353249064,30.2799987792969
Uva_Island,2007,0.347299536880182,30.5100002288818
Uva_Island,2008,0,29.9099998474121
Uva_Island,2009,0.907612002625758,30.269998550415
Uva_Island,2010,3.40235669272287,30.6199989318848
Uva_Island,2011,0,29.7999992370605
Uva_Island,2012,0,29.9200000762939
Uva_Island,2013,0.189364005108269,30.4899997711182
Uva_Island,2014,1.04761193723095,30.519998550415
Uva_Island,2015,6.84170045658034,30.8400001525879
Uva_Island,2016,8.05280625090308,30.8299999237061
Uva_Island,2017,0.475234654484963,30.3299999237061
Uva_Island,2018,0.360156429057219,30.5799999237061
Uva_Island,2019,0,30.1199989318848
Wolf_North_Corals,1981,NA,26.1999988555908
Wolf_North_Corals,1982,1.33478081391154,29.0299987792969
Wolf_North_Corals,1983,25.7830860471945,30.8699989318848
Wolf_North_Corals,1984,0.893415011882468,28.8699989318848
Wolf_North_Corals,1985,0,27.3299999237061
Wolf_North_Corals,1986,0.312794427953322,28.2899990081787
Wolf_North_Corals,1987,11.4603606158766,29.1399993896484
Wolf_North_Corals,1988,0,27.5999984741211
Wolf_North_Corals,1989,0,28.0599994659424
Wolf_North_Corals,1990,0,28.019998550415
Wolf_North_Corals,1991,2.26887937530708,28.6700000762939
Wolf_North_Corals,1992,13.5796138500995,29.8499984741211
Wolf_North_Corals,1993,8.69378057979611,30.3400001525879
Wolf_North_Corals,1994,0,27.8599987030029
Wolf_North_Corals,1995,0,28.1700000762939
Wolf_North_Corals,1996,0.499191783618739,28.519998550415
Wolf_North_Corals,1997,3.7801198347216,29.4099998474121
Wolf_North_Corals,1998,27.5316588054604,30.7899990081787
Wolf_North_Corals,1999,0.288508702768473,28.1999988555908
Wolf_North_Corals,2000,0,28.0699996948242
Wolf_North_Corals,2001,2.21322742302689,28.939998626709
Wolf_North_Corals,2002,7.28179344179757,29.4499988555908
Wolf_North_Corals,2003,3.83154849334325,28.939998626709
Wolf_North_Corals,2004,2.43459282178797,29.3599987030029
Wolf_North_Corals,2005,0,28.0399990081787
Wolf_North_Corals,2006,2.11751312641347,28.8999996185303
Wolf_North_Corals,2007,2.49602198176984,29.0699996948242
Wolf_North_Corals,2008,7.87384313121291,29.3699989318848
Wolf_North_Corals,2009,3.59949886932273,29.4299983978271
Wolf_North_Corals,2010,11.3512938043018,29.7600002288818
Wolf_North_Corals,2011,1.5818610869402,28.8799991607666
Wolf_North_Corals,2012,4.98340982006442,28.8099994659424
Wolf_North_Corals,2013,3.81359757240702,28.8599987030029
Wolf_North_Corals,2014,2.27819615276806,28.9499988555908
Wolf_North_Corals,2015,3.43161166601074,29.189998626709
Wolf_North_Corals,2016,9.69849867880384,29.9799995422363
Wolf_North_Corals,2017,9.10732081440266,29.8499984741211
Wolf_North_Corals,2018,1.38478141336397,28.7999992370605
Wolf_North_Corals,2019,2.68881666040326,28.7199993133545
Yelapa,1981,NA,31.1499996185303
Yelapa,1982,0.482671148766021,31.1199989318848
Yelapa,1983,1.72033258956698,31.3199996948242
Yelapa,1984,0.645528204430084,31.6799983978271
Yelapa,1985,0,30.6399993896484
Yelapa,1986,0,30.5299987792969
Yelapa,1987,0,30.9099998474121
Yelapa,1988,0,30.6399993896484
Yelapa,1989,0,30.5299987792969
Yelapa,1990,0,30.7299995422363
Yelapa,1991,0,30.7299995422363
Yelapa,1992,0.172319034277569,31.1599998474121
Yelapa,1993,0.307494906236499,31.0399990081787
Yelapa,1994,0.346066672681114,31.3199996948242
Yelapa,1995,0,30.4799995422363
Yelapa,1996,0,30.8499984741211
Yelapa,1997,3.30227972285539,31.5699996948242
Yelapa,1998,0.440352092690182,31.0100002288818
Yelapa,1999,0,30.8299999237061
Yelapa,2000,0.328923695647772,31.25
Yelapa,2001,0.297495222311416,31.0100002288818
Yelapa,2002,0.843023317750149,31.25
Yelapa,2003,0.707847445791218,31.25
Yelapa,2004,5.50153535412204,31.9200000762939
Yelapa,2005,1.73515606365995,31.7799987792969
Yelapa,2006,5.66975499517907,32.1699981689453
Yelapa,2007,0.338923652051231,31.2899990081787
Yelapa,2008,0.817308988439323,31.1700000762939
Yelapa,2009,1.59033261136525,31.2099990844727
Yelapa,2010,0.301781034689345,30.9499988555908
Yelapa,2011,0.741594877111198,31.019998550415
Yelapa,2012,4.09977440021005,31.8699989318848
Yelapa,2013,1.11962800091862,30.6199989318848
Yelapa,2014,3.45923621533653,31.4799995422363
Yelapa,2015,4.88064579590125,31.5499992370605
Yelapa,2016,0.890166163993871,30.8999996185303
Yelapa,2017,0.14803330909272,30.9899997711182
Yelapa,2018,2.91799338731898,31.5
Yelapa,2019,0.476957004740491,26.8099994659424
La_Azufrada,1981,NA,29.3899993896484
La_Azufrada,1982,1.71563853677595,29.7899990081787
La_Azufrada,1983,20.0538751126277,30.7099990844727
La_Azufrada,1984,0,28.3999996185303
La_Azufrada,1985,0,28.3099994659424
La_Azufrada,1986,0,27.8999996185303
La_Azufrada,1987,2.23234467321199,29.4299983978271
La_Azufrada,1988,0.1538496802244,28.8400001525879
La_Azufrada,1989,0,28.189998626709
La_Azufrada,1990,0.344841977810687,29.0999984741211
La_Azufrada,1991,0,28.5599994659424
La_Azufrada,1992,6.18902086003036,29.8099994659424
La_Azufrada,1993,0.860676612879117,29.1700000762939
La_Azufrada,1994,0,28.1999988555908
La_Azufrada,1995,0.301984671466519,28.8499984741211
La_Azufrada,1996,0,28.5599994659424
La_Azufrada,1997,11.3073212697052,30.0100002288818
La_Azufrada,1998,20.479710140065,30.9299983978271
La_Azufrada,1999,0.490120033279228,28.9599990844727
La_Azufrada,2000,0,28.5799999237061
La_Azufrada,2001,0,28.3899993896484
La_Azufrada,2002,1.01166881237319,29.0699996948242
La_Azufrada,2003,0.84539826313393,29.3400001525879
La_Azufrada,2004,0,28.1199989318848
La_Azufrada,2005,3.30643468157409,29.5299987792969
La_Azufrada,2006,0,28.5799999237061
La_Azufrada,2007,0.481548681001745,28.9899997711182
La_Azufrada,2008,0,28.5399990081787
La_Azufrada,2009,0,28.3899993896484
La_Azufrada,2010,6.93199810156154,30.1399993896484
La_Azufrada,2011,1.30694703132876,29.3199996948242
La_Azufrada,2012,2.88016444840974,29.3499984741211
La_Azufrada,2013,0,28.4799995422363
La_Azufrada,2014,3.72183263953223,29.3699989318848
La_Azufrada,2015,10.2331538448371,29.7899990081787
La_Azufrada,2016,4.93163731507835,29.1499996185303
La_Azufrada,2017,0.884962338063967,29.189998626709
La_Azufrada,2018,0.309127692096401,28.8699989318848
La_Azufrada,2019,0.18384954943478,29.0499992370605
Wolf_South_Corals,1981,NA,26.1999988555908
Wolf_South_Corals,1982,1.33478081391154,29.0299987792969
Wolf_South_Corals,1983,25.7830860471945,30.8699989318848
Wolf_South_Corals,1984,0.893415011882468,28.8699989318848
Wolf_South_Corals,1985,0,27.3299999237061
Wolf_South_Corals,1986,0.312794427953322,28.2899990081787
Wolf_South_Corals,1987,11.4603606158766,29.1399993896484
Wolf_South_Corals,1988,0,27.5999984741211
Wolf_South_Corals,1989,0,28.0599994659424
Wolf_South_Corals,1990,0,28.019998550415
Wolf_South_Corals,1991,2.26887937530708,28.6700000762939
Wolf_South_Corals,1992,13.5796138500995,29.8499984741211
Wolf_South_Corals,1993,8.69378057979611,30.3400001525879
Wolf_South_Corals,1994,0,27.8599987030029
Wolf_South_Corals,1995,0,28.1700000762939
Wolf_South_Corals,1996,0.499191783618739,28.519998550415
Wolf_South_Corals,1997,3.7801198347216,29.4099998474121
Wolf_South_Corals,1998,27.5316588054604,30.7899990081787
Wolf_South_Corals,1999,0.288508702768473,28.1999988555908
Wolf_South_Corals,2000,0,28.0699996948242
Wolf_South_Corals,2001,2.21322742302689,28.939998626709
Wolf_South_Corals,2002,7.28179344179757,29.4499988555908
Wolf_South_Corals,2003,3.83154849334325,28.939998626709
Wolf_South_Corals,2004,2.43459282178797,29.3599987030029
Wolf_South_Corals,2005,0,28.0399990081787
Wolf_South_Corals,2006,2.11751312641347,28.8999996185303
Wolf_South_Corals,2007,2.49602198176984,29.0699996948242
Wolf_South_Corals,2008,7.87384313121291,29.3699989318848
Wolf_South_Corals,2009,3.59949886932273,29.4299983978271
Wolf_South_Corals,2010,11.3512938043018,29.7600002288818
Wolf_South_Corals,2011,1.5818610869402,28.8799991607666
Wolf_South_Corals,2012,4.98340982006442,28.8099994659424
Wolf_South_Corals,2013,3.81359757240702,28.8599987030029
Wolf_South_Corals,2014,2.27819615276806,28.9499988555908
Wolf_South_Corals,2015,3.43161166601074,29.189998626709
Wolf_South_Corals,2016,9.69849867880384,29.9799995422363
Wolf_South_Corals,2017,9.10732081440266,29.8499984741211
Wolf_South_Corals,2018,1.38478141336397,28.7999992370605
Wolf_South_Corals,2019,2.68881666040326,28.7199993133545
Roca_Espejo_2,1981,NA,25.9200000762939
Roca_Espejo_2,1982,0.486813830575949,28.1499996185303
Roca_Espejo_2,1983,27.8450680658015,30.7799987792969
Roca_Espejo_2,1984,0.345971161476321,28.1700000762939
Roca_Espejo_2,1985,0,25.9899997711182
Roca_Espejo_2,1986,0.842784675977353,28.1700000762939
Roca_Espejo_2,1987,12.9643321850333,29.6499996185303
Roca_Espejo_2,1988,0,26.8899993896484
Roca_Espejo_2,1989,0,27.5999984741211
Roca_Espejo_2,1990,0,27.6499996185303
Roca_Espejo_2,1991,3.66685294602716,28.5299987792969
Roca_Espejo_2,1992,15.2688022319073,29.7899990081787
Roca_Espejo_2,1993,5.62333763014571,29.4699993133545
Roca_Espejo_2,1994,0.153699833755041,27.8999996185303
Roca_Espejo_2,1995,0.661942181263886,28.2299995422363
Roca_Espejo_2,1996,0.340256744972415,28.019998550415
Roca_Espejo_2,1997,9.16454827777643,29.3999996185303
Roca_Espejo_2,1998,31.2236394398773,30.8699989318848
Roca_Espejo_2,1999,0.350256701375874,28.1399993896484
Roca_Espejo_2,2000,0,27.2600002288818
Roca_Espejo_2,2001,2.32212648115478,28.8599987030029
Roca_Espejo_2,2002,6.71007997476403,28.9599990844727
Roca_Espejo_2,2003,3.84633897652039,29.2199993133545
Roca_Espejo_2,2004,0,27.4300003051758
Roca_Espejo_2,2005,1.9447268463421,28.75
Roca_Espejo_2,2006,2.12699794518155,28.8699989318848
Roca_Espejo_2,2007,2.81776825639274,28.4599990844727
Roca_Espejo_2,2008,8.24663563258087,29.3699989318848
Roca_Espejo_2,2009,0.562527941904074,28.3299999237061
Roca_Espejo_2,2010,9.77370560867681,29.2099990844727
Roca_Espejo_2,2011,4.85762298475997,28.5599994659424
Roca_Espejo_2,2012,4.72450975087852,28.8400001525879
Roca_Espejo_2,2013,1.89615512349403,28.8299999237061
Roca_Espejo_2,2014,0.620513479045694,27.9599990844727
Roca_Espejo_2,2015,7.30319283807489,29
Roca_Espejo_2,2016,5.80897993944129,28.5100002288818
Roca_Espejo_2,2017,9.87286352813047,29.6799983978271
Roca_Espejo_2,2018,1.57531269417537,28.519998550415
Roca_Espejo_2,2019,2.14271259056729,28.939998626709
Tenacatita,1981,NA,31.1499996185303
Tenacatita,1982,0.482671148766021,31.1199989318848
Tenacatita,1983,1.72033258956698,31.3199996948242
Tenacatita,1984,0.645528204430084,31.6799983978271
Tenacatita,1985,0,30.6399993896484
Tenacatita,1986,0,30.5299987792969
Tenacatita,1987,0,30.9099998474121
Tenacatita,1988,0,30.6399993896484
Tenacatita,1989,0,30.5299987792969
Tenacatita,1990,0,30.7299995422363
Tenacatita,1991,0,30.7299995422363
Tenacatita,1992,0.172319034277569,31.1599998474121
Tenacatita,1993,0.307494906236499,31.0399990081787
Tenacatita,1994,0.346066672681114,31.3199996948242
Tenacatita,1995,0,30.4799995422363
Tenacatita,1996,0,30.8499984741211
Tenacatita,1997,3.30227972285539,31.5699996948242
Tenacatita,1998,0.440352092690182,31.0100002288818
Tenacatita,1999,0,30.8299999237061
Tenacatita,2000,0.328923695647772,31.25
Tenacatita,2001,0.297495222311416,31.0100002288818
Tenacatita,2002,0.843023317750149,31.25
Tenacatita,2003,0.707847445791218,31.25
Tenacatita,2004,5.50153535412204,31.9200000762939
Tenacatita,2005,1.73515606365995,31.7799987792969
Tenacatita,2006,5.66975499517907,32.1699981689453
Tenacatita,2007,0.338923652051231,31.2899990081787
Tenacatita,2008,0.817308988439323,31.1700000762939
Tenacatita,2009,1.59033261136525,31.2099990844727
Tenacatita,2010,0.301781034689345,30.9499988555908
Tenacatita,2011,0.741594877111198,31.019998550415
Tenacatita,2012,4.09977440021005,31.8699989318848
Tenacatita,2013,1.11962800091862,30.6199989318848
Tenacatita,2014,3.45923621533653,31.4799995422363
Tenacatita,2015,4.88064579590125,31.5499992370605
Tenacatita,2016,0.890166163993871,30.8999996185303
Tenacatita,2017,0.14803330909272,30.9899997711182
Tenacatita,2018,2.91799338731898,31.5
Tenacatita,2019,0.476957004740491,26.8099994659424
