"","Site","Year","maxDHW","maxSST"
"1","Academy_Bay",1981,NA,24.1700000762939
"2","Academy_Bay",1982,0.322613459342871,27.769998550415
"3","Academy_Bay",1983,27.7197675485215,30.3299999237061
"4","Academy_Bay",1984,0,27.2999992370605
"5","Academy_Bay",1985,0,26.2899990081787
"6","Academy_Bay",1986,2.19449664198152,28.6700000762939
"7","Academy_Bay",1987,9.44619178458058,29.2799987792969
"8","Academy_Bay",1988,0,26.7199993133545
"9","Academy_Bay",1989,0,26.8599987030029
"10","Academy_Bay",1990,0,27.0799999237061
"11","Academy_Bay",1991,1.7530677762763,28.0900001525879
"12","Academy_Bay",1992,13.2229364042301,29.4200000762939
"13","Academy_Bay",1993,4.88017712556037,29.2899990081787
"14","Academy_Bay",1994,0,26.5599994659424
"15","Academy_Bay",1995,0.201306827763651,27.9899997711182
"16","Academy_Bay",1996,0.605348814938554,28.2600002288818
"17","Academy_Bay",1997,5.14956842903404,28.7600002288818
"18","Academy_Bay",1998,33.2583401324013,30.5900001525879
"19","Academy_Bay",1999,0.152735377393952,27.6499996185303
"20","Academy_Bay",2000,0,27.1499996185303
"21","Academy_Bay",2001,1.71902553842129,28.3999996185303
"22","Academy_Bay",2002,4.91385474277218,28.1800003051758
"23","Academy_Bay",2003,2.91127385396248,28.6499996185303
"24","Academy_Bay",2004,0,27.1299991607666
"25","Academy_Bay",2005,0.778084105139426,28.0999984741211
"26","Academy_Bay",2006,1.68176119919275,28.3899993896484
"27","Academy_Bay",2007,1.74176039265676,28.1999988555908
"28","Academy_Bay",2008,6.61479477006562,28.519998550415
"29","Academy_Bay",2009,0.99224809755849,28.2899990081787
"30","Academy_Bay",2010,7.78145156807614,29.0799999237061
"31","Academy_Bay",2011,2.26841671110534,28
"32","Academy_Bay",2012,4.19732042956776,28.2799987792969
"33","Academy_Bay",2013,1.06498382372476,28.1800003051758
"34","Academy_Bay",2014,0.148449565016023,27.6199989318848
"35","Bahia_Banderas",1981,NA,31.1499996185303
"36","Bahia_Banderas",1982,0.482671148766021,31.1199989318848
"37","Bahia_Banderas",1983,1.72033258956698,31.3199996948242
"38","Bahia_Banderas",1984,0.645528204430084,31.6799983978271
"39","Bahia_Banderas",1985,0,30.6399993896484
"40","Bahia_Banderas",1986,0,30.5299987792969
"41","Bahia_Banderas",1987,0,30.9099998474121
"42","Bahia_Banderas",1988,0,30.6399993896484
"43","Bahia_Banderas",1989,0,30.5299987792969
"44","Bahia_Banderas",1990,0,30.7299995422363
"45","Bahia_Banderas",1991,0,30.7299995422363
"46","Bahia_Banderas",1992,0.172319034277569,31.1599998474121
"47","Bahia_Banderas",1993,0.307494906236499,31.0399990081787
"48","Bahia_Banderas",1994,0.346066672681114,31.3199996948242
"49","Bahia_Banderas",1995,0,30.4799995422363
"50","Bahia_Banderas",1996,0,30.8499984741211
"51","Bahia_Banderas",1997,3.30227972285539,31.5699996948242
"52","Bahia_Banderas",1998,0.440352092690182,31.0100002288818
"53","Bahia_Banderas",1999,0,30.8299999237061
"54","Bahia_Banderas",2000,0.328923695647772,31.25
"55","Bahia_Banderas",2001,0.297495222311416,31.0100002288818
"56","Bahia_Banderas",2002,0.843023317750149,31.25
"57","Bahia_Banderas",2003,0.707847445791218,31.25
"58","Bahia_Banderas",2004,5.50153535412204,31.9200000762939
"59","Bahia_Banderas",2005,1.73515606365995,31.7799987792969
"60","Bahia_Banderas",2006,5.66975499517907,32.1699981689453
"61","Bahia_Banderas",2007,0.338923652051231,31.2899990081787
"62","Bahia_Banderas",2008,0.817308988439323,31.1700000762939
"63","Bahia_Banderas",2009,1.59033261136525,31.2099990844727
"64","Bahia_Banderas",2010,0.301781034689345,30.9499988555908
"65","Bahia_Banderas",2011,0.741594877111198,31.019998550415
"66","Bahia_Banderas",2012,4.09977440021005,31.8699989318848
"67","Bahia_Banderas",2013,1.11962800091862,30.6199989318848
"68","Bahia_Banderas",2014,3.45923621533653,31.4799995422363
"69","Bahia_Culebra",1981,NA,29.2199993133545
"70","Bahia_Culebra",1982,0.639552160969998,30.0799999237061
"71","Bahia_Culebra",1983,7.99277781624006,31.2999992370605
"72","Bahia_Culebra",1984,0,29.8099994659424
"73","Bahia_Culebra",1985,0,29.4299983978271
"74","Bahia_Culebra",1986,0.302633103451657,29.9499988555908
"75","Bahia_Culebra",1987,2.27425906499645,30.4200000762939
"76","Bahia_Culebra",1988,0,29.3899993896484
"77","Bahia_Culebra",1989,0.322633288736952,30.1099987030029
"78","Bahia_Culebra",1990,0.345490409795825,30.1499996185303
"79","Bahia_Culebra",1991,0.296918959426126,29.939998626709
"80","Bahia_Culebra",1992,0.716695148902476,30.4899997711182
"81","Bahia_Culebra",1993,0.852297327720938,30.2199993133545
"82","Bahia_Culebra",1994,0,29.7999992370605
"83","Bahia_Culebra",1995,0.633838016944468,30.0299987792969
"84","Bahia_Culebra",1996,0,29.6499996185303
"85","Bahia_Culebra",1997,1.75591191561148,30.1599998474121
"86","Bahia_Culebra",1998,4.60863035677922,30.5900001525879
"87","Bahia_Culebra",1999,0,29.689998626709
"88","Bahia_Culebra",2000,0,29.5399990081787
"89","Bahia_Culebra",2001,0,29.5399990081787
"90","Bahia_Culebra",2002,0.316918872233046,30.019998550415
"91","Bahia_Culebra",2003,1.64042104805199,30.4699993133545
"92","Bahia_Culebra",2004,2.31865664639702,30.5900001525879
"93","Bahia_Culebra",2005,5.16291622365282,30.7399997711182
"94","Bahia_Culebra",2006,7.33014410243684,30.9699993133545
"95","Bahia_Culebra",2007,1.05801168972917,30.0100002288818
"96","Bahia_Culebra",2008,0,29.7999992370605
"97","Bahia_Culebra",2009,0.953614097429467,30.1799983978271
"98","Bahia_Culebra",2010,6.11367365778709,30.6799983978271
"99","Bahia_Culebra",2011,0,29.5499992370605
"100","Bahia_Culebra",2012,1.22767648075347,30.3499984741211
"101","Bahia_Culebra",2013,0,29.6199989318848
"102","Bahia_Culebra",2014,1.62173779596224,30.2299995422363
"103","Cabo_Pulmo",1981,NA,30.269998550415
"104","Cabo_Pulmo",1982,4.56779226089011,31.189998626709
"105","Cabo_Pulmo",1983,1.65059842479472,31.4899997711182
"106","Cabo_Pulmo",1984,1.946030707262,31.2399997711182
"107","Cabo_Pulmo",1985,0,29.9499988555908
"108","Cabo_Pulmo",1986,0,29.7899990081787
"109","Cabo_Pulmo",1987,2.12717711195654,31.5900001525879
"110","Cabo_Pulmo",1988,0,30.269998550415
"111","Cabo_Pulmo",1989,0,29.8899993896484
"112","Cabo_Pulmo",1990,1.91317390227805,31.1499996185303
"113","Cabo_Pulmo",1991,0.938588283499894,30.8099994659424
"114","Cabo_Pulmo",1992,0.330864063574344,30.5100002288818
"115","Cabo_Pulmo",1993,0,29.8199996948242
"116","Cabo_Pulmo",1994,0.988306378345102,30.5799999237061
"117","Cabo_Pulmo",1995,0,30.2999992370605
"118","Cabo_Pulmo",1996,0,30.0499992370605
"119","Cabo_Pulmo",1997,9.78502022100956,31.3099994659424
"120","Cabo_Pulmo",1998,1.12945241246905,30.6799983978271
"121","Cabo_Pulmo",1999,0,30.0699996948242
"122","Cabo_Pulmo",2000,4.91837455009928,31.5
"123","Cabo_Pulmo",2001,1.58888785011915,30.2899990081787
"124","Cabo_Pulmo",2002,0.774302896188231,30.5100002288818
"125","Cabo_Pulmo",2003,0.323721042944461,30.519998550415
"126","Cabo_Pulmo",2004,3.57063202566031,31.4699993133545
"127","Cabo_Pulmo",2005,4.80664620496789,32
"128","Cabo_Pulmo",2006,5.8098194423987,31.269998550415
"129","Cabo_Pulmo",2007,0.302292526011565,30.3299999237061
"130","Cabo_Pulmo",2008,6.31239414604344,31.1299991607666
"131","Cabo_Pulmo",2009,3.01290758775205,31.1799983978271
"132","Cabo_Pulmo",2010,0,30.3299999237061
"133","Cabo_Pulmo",2011,6.2586899144309,31.0699996948242
"134","Cabo_Pulmo",2012,6.19925436778945,31.019998550415
"135","Cabo_Pulmo",2013,0.911445622541468,30.1099987030029
"136","Cabo_Pulmo",2014,4.72664628126184,31.4299983978271
"137","Caletitas",1981,NA,31.1499996185303
"138","Caletitas",1982,0.482671148766021,31.1199989318848
"139","Caletitas",1983,1.72033258956698,31.3199996948242
"140","Caletitas",1984,0.645528204430084,31.6799983978271
"141","Caletitas",1985,0,30.6399993896484
"142","Caletitas",1986,0,30.5299987792969
"143","Caletitas",1987,0,30.9099998474121
"144","Caletitas",1988,0,30.6399993896484
"145","Caletitas",1989,0,30.5299987792969
"146","Caletitas",1990,0,30.7299995422363
"147","Caletitas",1991,0,30.7299995422363
"148","Caletitas",1992,0.172319034277569,31.1599998474121
"149","Caletitas",1993,0.307494906236499,31.0399990081787
"150","Caletitas",1994,0.346066672681114,31.3199996948242
"151","Caletitas",1995,0,30.4799995422363
"152","Caletitas",1996,0,30.8499984741211
"153","Caletitas",1997,3.30227972285539,31.5699996948242
"154","Caletitas",1998,0.440352092690182,31.0100002288818
"155","Caletitas",1999,0,30.8299999237061
"156","Caletitas",2000,0.328923695647772,31.25
"157","Caletitas",2001,0.297495222311416,31.0100002288818
"158","Caletitas",2002,0.843023317750149,31.25
"159","Caletitas",2003,0.707847445791218,31.25
"160","Caletitas",2004,5.50153535412204,31.9200000762939
"161","Caletitas",2005,1.73515606365995,31.7799987792969
"162","Caletitas",2006,5.66975499517907,32.1699981689453
"163","Caletitas",2007,0.338923652051231,31.2899990081787
"164","Caletitas",2008,0.817308988439323,31.1700000762939
"165","Caletitas",2009,1.59033261136525,31.2099990844727
"166","Caletitas",2010,0.301781034689345,30.9499988555908
"167","Caletitas",2011,0.741594877111198,31.019998550415
"168","Caletitas",2012,4.09977440021005,31.8699989318848
"169","Caletitas",2013,1.11962800091862,30.6199989318848
"170","Caletitas",2014,3.45923621533653,31.4799995422363
"171","Cambutal",1981,NA,29.1399993896484
"172","Cambutal",1982,3.00049311805509,31.519998550415
"173","Cambutal",1983,7.74147513165452,31.9099998474121
"174","Cambutal",1984,0.452860376723429,30.6299991607666
"175","Cambutal",1985,0,29.7999992370605
"176","Cambutal",1986,0,29.939998626709
"177","Cambutal",1987,0.30238321001707,30.6499996185303
"178","Cambutal",1988,0,30.5
"179","Cambutal",1989,0,30.3699989318848
"180","Cambutal",1990,0,30.3499984741211
"181","Cambutal",1991,1.00238637848855,31.2799987792969
"182","Cambutal",1992,2.09334780088453,30.9099998474121
"183","Cambutal",1993,0,30.0499992370605
"184","Cambutal",1994,0,30.1799983978271
"185","Cambutal",1995,0,30.519998550415
"186","Cambutal",1996,0.299526001765117,30.9200000762939
"187","Cambutal",1997,0.497146287193574,30.7999992370605
"188","Cambutal",1998,6.62241835747995,31.3599987030029
"189","Cambutal",1999,0,30.2099990844727
"190","Cambutal",2000,0,29.939998626709
"191","Cambutal",2001,0,30.5299987792969
"192","Cambutal",2002,2.20429892222924,31.1999988555908
"193","Cambutal",2003,0.150477166706359,30.5999984741211
"194","Cambutal",2004,2.29906189041439,31.269998550415
"195","Cambutal",2005,0,30.2899990081787
"196","Cambutal",2006,0,30.5
"197","Cambutal",2007,0,30.3899993896484
"198","Cambutal",2008,0,30.189998626709
"199","Cambutal",2009,0,30.0799999237061
"200","Cambutal",2010,2.1090621737919,30.9299983978271
"201","Cambutal",2011,0,30.1700000762939
"202","Cambutal",2012,0,30.4099998474121
"203","Cambutal",2013,0.313811770546507,30.7199993133545
"204","Cambutal",2014,1.58572428158979,31.0799999237061
"205","Cano_island",1981,NA,28.75
"206","Cano_island",1982,2.39048735070495,31.0699996948242
"207","Cano_island",1983,6.49361417417545,31.9200000762939
"208","Cano_island",1984,0,30.2600002288818
"209","Cano_island",1985,0,29.75
"210","Cano_island",1986,0,29.8099994659424
"211","Cano_island",1987,0.765352188873792,30.5499992370605
"212","Cano_island",1988,0.699710307268816,30.8099994659424
"213","Cano_island",1989,0.316997939932887,30.5499992370605
"214","Cano_island",1990,0,30.3299999237061
"215","Cano_island",1991,2.04491787320929,30.9799995422363
"216","Cano_island",1992,1.36806468699934,31.0100002288818
"217","Cano_island",1993,0,30.3799991607666
"218","Cano_island",1994,0.148499013562984,30.4699993133545
"219","Cano_island",1995,0.197070463932683,30.8099994659424
"220","Cano_island",1996,0.144213201185054,30.439998626709
"221","Cano_island",1997,0.961066594478563,31.0900001525879
"222","Cano_island",1998,7.09732109155208,31.5399990081787
"223","Cano_island",1999,0,30.2199993133545
"224","Cano_island",2000,0,30.3199996948242
"225","Cano_island",2001,0.472639974125754,30.6700000762939
"226","Cano_island",2002,2.53755748766358,30.8599987030029
"227","Cano_island",2003,1.11806441452097,30.7899990081787
"228","Cano_island",2004,0.319855148184841,30.5699996948242
"229","Cano_island",2005,0,30.1999988555908
"230","Cano_island",2006,0.294140818874015,30.4799995422363
"231","Cano_island",2007,0,30.2899990081787
"232","Cano_island",2008,0,30.1099987030029
"233","Cano_island",2009,0,30.25
"234","Cano_island",2010,1.09092148108416,30.5999984741211
"235","Cano_island",2011,0,30.0100002288818
"236","Cano_island",2012,0,30.1799983978271
"237","Cano_island",2013,0,29.9599990844727
"238","Cano_island",2014,1.18670805101727,31.1999988555908
"239","Careyeros",1981,NA,31.0599994659424
"240","Careyeros",1982,1.70572715405181,31.269998550415
"241","Careyeros",1983,1.61729724129381,31.2799987792969
"242","Careyeros",1984,0.642432508223774,31.6499996185303
"243","Careyeros",1985,0,30.689998626709
"244","Careyeros",1986,0,30.5499992370605
"245","Careyeros",1987,0.329716924776601,31.1799983978271
"246","Careyeros",1988,0,30.7299995422363
"247","Careyeros",1989,0,30.5799999237061
"248","Careyeros",1990,0,30.7299995422363
"249","Careyeros",1991,0,30.8299999237061
"250","Careyeros",1992,0.326859716524648,31.1999988555908
"251","Careyeros",1993,0.145572715405181,30.9599990844727
"252","Careyeros",1994,0.349716837583521,31.3099994659424
"253","Careyeros",1995,0,30.0499992370605
"254","Careyeros",1996,0.469575496156252,31.0599994659424
"255","Careyeros",1997,4.3211708841079,31.689998626709
"256","Careyeros",1998,0.609575158283065,31.0499992370605
"257","Careyeros",1999,0,30.8899993896484
"258","Careyeros",2000,0.529575507055387,31.3099994659424
"259","Careyeros",2001,0.482432388333289,31.0999984741211
"260","Careyeros",2002,0.880720676286508,31.3699989318848
"261","Careyeros",2003,0.659433849553202,31.1499996185303
"262","Careyeros",2004,4.4640285719218,31.939998626709
"263","Careyeros",2005,1.8214419084289,31.6199989318848
"264","Careyeros",2006,4.87789068699197,31.939998626709
"265","Careyeros",2007,0.34400269355799,31.3400001525879
"266","Careyeros",2008,1.35315338069471,31.3999996185303
"267","Careyeros",2009,2.15101665254484,31.3699989318848
"268","Careyeros",2010,0,30.7099990844727
"269","Careyeros",2011,1.1247238058099,31.2299995422363
"270","Careyeros",2012,4.37131339174262,31.7199993133545
"271","Careyeros",2013,1.0862936750692,30.6499996185303
"272","Careyeros",2014,3.04888112329982,31.2799987792969
"273","Chimo",1981,NA,30.8199996948242
"274","Chimo",1982,0.157885178835318,30.7799987792969
"275","Chimo",1983,1.25593841005266,30.9099998474121
"276","Chimo",1984,0.405770237780151,31.189998626709
"277","Chimo",1985,0,30.5299987792969
"278","Chimo",1986,0,30.519998550415
"279","Chimo",1987,0.355770455762852,31
"280","Chimo",1988,0.157885178835318,30.8199996948242
"281","Chimo",1989,0.157885178835318,30.5100002288818
"282","Chimo",1990,0.312913149418684,30.8199996948242
"283","Chimo",1991,0.294341840737741,30.7600002288818
"284","Chimo",1992,0.149313826557835,30.7600002288818
"285","Chimo",1993,0.517941174497724,31.0100002288818
"286","Chimo",1994,0.288627424233834,30.7299995422363
"287","Chimo",1995,0,30.1499996185303
"288","Chimo",1996,0,30.7099990844727
"289","Chimo",1997,5.03209990902588,31.9899997711182
"290","Chimo",1998,0.502913138519549,30.9699993133545
"291","Chimo",1999,0,30.5999984741211
"292","Chimo",2000,0.622969090585414,30.939998626709
"293","Chimo",2001,0.394341677250715,31.1700000762939
"294","Chimo",2002,0.843711488571821,31.1199989318848
"295","Chimo",2003,0.766568228160967,30.8499984741211
"296","Chimo",2004,2.30467737874677,31.2199993133545
"297","Chimo",2005,1.94456545281677,31.3899993896484
"298","Chimo",2006,5.26712862075043,31.6299991607666
"299","Chimo",2007,0.159313782961295,30.8299999237061
"300","Chimo",2008,0.327198645721697,30.8699989318848
"301","Chimo",2009,1.18948171545284,31.0799999237061
"302","Chimo",2010,0,30.5499992370605
"303","Chimo",2011,1.10662458349483,30.8999996185303
"304","Chimo",2012,3.22473365778669,31.3999996185303
"305","Chimo",2013,0.735826364232178,30.6999988555908
"306","Chimo",2014,4.49352896001639,31.5900001525879
"307","Chocota",1981,NA,30.8199996948242
"308","Chocota",1982,0.157885178835318,30.7799987792969
"309","Chocota",1983,1.25593841005266,30.9099998474121
"310","Chocota",1984,0.405770237780151,31.189998626709
"311","Chocota",1985,0,30.5299987792969
"312","Chocota",1986,0,30.519998550415
"313","Chocota",1987,0.355770455762852,31
"314","Chocota",1988,0.157885178835318,30.8199996948242
"315","Chocota",1989,0.157885178835318,30.5100002288818
"316","Chocota",1990,0.312913149418684,30.8199996948242
"317","Chocota",1991,0.294341840737741,30.7600002288818
"318","Chocota",1992,0.149313826557835,30.7600002288818
"319","Chocota",1993,0.517941174497724,31.0100002288818
"320","Chocota",1994,0.288627424233834,30.7299995422363
"321","Chocota",1995,0,30.1499996185303
"322","Chocota",1996,0,30.7099990844727
"323","Chocota",1997,5.03209990902588,31.9899997711182
"324","Chocota",1998,0.502913138519549,30.9699993133545
"325","Chocota",1999,0,30.5999984741211
"326","Chocota",2000,0.622969090585414,30.939998626709
"327","Chocota",2001,0.394341677250715,31.1700000762939
"328","Chocota",2002,0.843711488571821,31.1199989318848
"329","Chocota",2003,0.766568228160967,30.8499984741211
"330","Chocota",2004,2.30467737874677,31.2199993133545
"331","Chocota",2005,1.94456545281677,31.3899993896484
"332","Chocota",2006,5.26712862075043,31.6299991607666
"333","Chocota",2007,0.159313782961295,30.8299999237061
"334","Chocota",2008,0.327198645721697,30.8699989318848
"335","Chocota",2009,1.18948171545284,31.0799999237061
"336","Chocota",2010,0,30.5499992370605
"337","Chocota",2011,1.10662458349483,30.8999996185303
"338","Chocota",2012,3.22473365778669,31.3999996185303
"339","Chocota",2013,0.735826364232178,30.6999988555908
"340","Chocota",2014,4.49352896001639,31.5900001525879
"341","Darwin_North_Anchorage",1981,NA,26.0799999237061
"342","Darwin_North_Anchorage",1982,2.24462137981965,29.2199993133545
"343","Darwin_North_Anchorage",1983,24.865864957768,31.1999988555908
"344","Darwin_North_Anchorage",1984,1.28841042848227,29.2999992370605
"345","Darwin_North_Anchorage",1985,0,27.7199993133545
"346","Darwin_North_Anchorage",1986,0,28.2399997711182
"347","Darwin_North_Anchorage",1987,7.71644816483378,29.3099994659424
"348","Darwin_North_Anchorage",1988,0,27.7600002288818
"349","Darwin_North_Anchorage",1989,0,28.2399997711182
"350","Darwin_North_Anchorage",1990,0,28.2399997711182
"351","Darwin_North_Anchorage",1991,2.08747846818112,28.8499984741211
"352","Darwin_North_Anchorage",1992,13.0351939863716,29.939998626709
"353","Darwin_North_Anchorage",1993,6.94803901155032,30.4499988555908
"354","Darwin_North_Anchorage",1994,0,28.2899990081787
"355","Darwin_North_Anchorage",1995,0.724397602797026,28.6299991607666
"356","Darwin_North_Anchorage",1996,0.300770458851778,28.4200000762939
"357","Darwin_North_Anchorage",1997,2.92929215459466,29.8099994659424
"358","Darwin_North_Anchorage",1998,26.9023496478384,30.8400001525879
"359","Darwin_North_Anchorage",1999,0.590112084695743,28.4499988555908
"360","Darwin_North_Anchorage",2000,0.150385093186701,28.3799991607666
"361","Darwin_North_Anchorage",2001,1.79813711481553,29.0399990081787
"362","Darwin_North_Anchorage",2002,7.6542499628877,29.7299995422363
"363","Darwin_North_Anchorage",2003,3.44368958300553,29.1999988555908
"364","Darwin_North_Anchorage",2004,2.35500664739251,29.3699989318848
"365","Darwin_North_Anchorage",2005,0,28.1999988555908
"366","Darwin_North_Anchorage",2006,1.85813739819304,28.8499984741211
"367","Darwin_North_Anchorage",2007,1.82956531567351,29.1099987030029
"368","Darwin_North_Anchorage",2008,7.22062204510386,29.3899993896484
"369","Darwin_North_Anchorage",2009,3.63149165353782,29.7099990844727
"370","Darwin_North_Anchorage",2010,11.3553561090717,29.8299999237061
"371","Darwin_North_Anchorage",2011,1.22698154097878,28.9799995422363
"372","Darwin_North_Anchorage",2012,5.83051126830432,29.6399993896484
"373","Darwin_North_Anchorage",2013,3.31160252842957,28.8499984741211
"374","Darwin_North_Anchorage",2014,2.26280748632254,29.189998626709
"375","Floreana_Island",1981,NA,24.1099987030029
"376","Floreana_Island",1982,0,27.4899997711182
"377","Floreana_Island",1983,26.4658492862433,30.8799991607666
"378","Floreana_Island",1984,0,27.3499984741211
"379","Floreana_Island",1985,0,26.4300003051758
"380","Floreana_Island",1986,2.09573060325135,28.7099990844727
"381","Floreana_Island",1987,9.41436170574235,28.8999996185303
"382","Floreana_Island",1988,0,26.75
"383","Floreana_Island",1989,0,27.3799991607666
"384","Floreana_Island",1990,0,27.1599998474121
"385","Floreana_Island",1991,1.67144498705785,27.8699989318848
"386","Floreana_Island",1992,13.0215285365875,29.5100002288818
"387","Floreana_Island",1993,5.47074862229659,29.6999988555908
"388","Floreana_Island",1994,0,26.269998550415
"389","Floreana_Island",1995,0.720006707940468,28.2600002288818
"390","Floreana_Island",1996,0.417146292856604,28.1700000762939
"391","Floreana_Island",1997,3.00788439002925,28.5599994659424
"392","Floreana_Island",1998,33.5201372155396,30.4699993133545
"393","Floreana_Island",1999,0,27.4499988555908
"394","Floreana_Island",2000,0,27.3699989318848
"395","Floreana_Island",2001,2.51216101787685,28.689998626709
"396","Floreana_Island",2002,4.00289297386405,28.0999984741211
"397","Floreana_Island",2003,1.97644303486958,28.5799999237061
"398","Floreana_Island",2004,0,27.0799999237061
"399","Floreana_Island",2005,0.497862094793765,27.8299999237061
"400","Floreana_Island",2006,0.936436904583265,28.2099990844727
"401","Floreana_Island",2007,1.72930024312153,28.1199989318848
"402","Floreana_Island",2008,6.85577029503828,28.4300003051758
"403","Floreana_Island",2009,1.21858125615073,28.2299995422363
"404","Floreana_Island",2010,6.42219059870696,28.8299999237061
"405","Floreana_Island",2011,1.51358646966659,27.9300003051758
"406","Floreana_Island",2012,3.89003282035943,28.439998626709
"407","Floreana_Island",2013,0.525004755752191,27.8699989318848
"408","Floreana_Island",2014,0,27.3799991607666
"409","Gorgona_Island",1981,NA,29.3899993896484
"410","Gorgona_Island",1982,1.71563853677595,29.7899990081787
"411","Gorgona_Island",1983,20.0538751126277,30.7099990844727
"412","Gorgona_Island",1984,0,28.3999996185303
"413","Gorgona_Island",1985,0,28.3099994659424
"414","Gorgona_Island",1986,0,27.8999996185303
"415","Gorgona_Island",1987,2.23234467321199,29.4299983978271
"416","Gorgona_Island",1988,0.1538496802244,28.8400001525879
"417","Gorgona_Island",1989,0,28.189998626709
"418","Gorgona_Island",1990,0.344841977810687,29.0999984741211
"419","Gorgona_Island",1991,0,28.5599994659424
"420","Gorgona_Island",1992,6.18902086003036,29.8099994659424
"421","Gorgona_Island",1993,0.860676612879117,29.1700000762939
"422","Gorgona_Island",1994,0,28.1999988555908
"423","Gorgona_Island",1995,0.301984671466519,28.8499984741211
"424","Gorgona_Island",1996,0,28.5599994659424
"425","Gorgona_Island",1997,11.3073212697052,30.0100002288818
"426","Gorgona_Island",1998,20.479710140065,30.9299983978271
"427","Gorgona_Island",1999,0.490120033279228,28.9599990844727
"428","Gorgona_Island",2000,0,28.5799999237061
"429","Gorgona_Island",2001,0,28.3899993896484
"430","Gorgona_Island",2002,1.01166881237319,29.0699996948242
"431","Gorgona_Island",2003,0.84539826313393,29.3400001525879
"432","Gorgona_Island",2004,0,28.1199989318848
"433","Gorgona_Island",2005,3.30643468157409,29.5299987792969
"434","Gorgona_Island",2006,0,28.5799999237061
"435","Gorgona_Island",2007,0.481548681001745,28.9899997711182
"436","Gorgona_Island",2008,0,28.5399990081787
"437","Gorgona_Island",2009,0,28.3899993896484
"438","Gorgona_Island",2010,6.93199810156154,30.1399993896484
"439","Gorgona_Island",2011,1.30694703132876,29.3199996948242
"440","Gorgona_Island",2012,2.88016444840974,29.3499984741211
"441","Gorgona_Island",2013,0,28.4799995422363
"442","Gorgona_Island",2014,3.72183263953223,29.3699989318848
"443","Gulf_of_California",1981,NA,30.2899990081787
"444","Gulf_of_California",1982,1.89344020181773,30.8499984741211
"445","Gulf_of_California",1983,0.983512090176953,31.25
"446","Gulf_of_California",1984,0.512107267185133,30.6700000762939
"447","Gulf_of_California",1985,0,30.2899990081787
"448","Gulf_of_California",1986,0,29.9499988555908
"449","Gulf_of_California",1987,2.02489269606921,31.7799987792969
"450","Gulf_of_California",1988,0,30.25
"451","Gulf_of_California",1989,0,29.6999988555908
"452","Gulf_of_California",1990,1.89346411374151,31.25
"453","Gulf_of_California",1991,0.94208338795876,31.0100002288818
"454","Gulf_of_California",1992,0.537821324017583,30.7799987792969
"455","Gulf_of_California",1993,0,29.7899990081787
"456","Gulf_of_California",1994,0.952785962941696,30.7299995422363
"457","Gulf_of_California",1995,0.143559488958242,30.4599990844727
"458","Gulf_of_California",1996,0,30.1299991607666
"459","Gulf_of_California",1997,9.36226138290094,31.1499996185303
"460","Gulf_of_California",1998,1.43917835585925,30.7799987792969
"461","Gulf_of_California",1999,0.349976197067572,30.4799995422363
"462","Gulf_of_California",2000,4.54186910707124,31.5599994659424
"463","Gulf_of_California",2001,1.42419024097676,30.4499988555908
"464","Gulf_of_California",2002,0.834940258337527,30.7199993133545
"465","Gulf_of_California",2003,0.767797771765262,30.5799999237061
"466","Gulf_of_California",2004,4.17402394742382,31.439998626709
"467","Gulf_of_California",2005,4.99327319982101,31.8899993896484
"468","Gulf_of_California",2006,4.94685715655891,31.6099987030029
"469","Gulf_of_California",2007,0.153559445361702,30.4899997711182
"470","Gulf_of_California",2008,4.06760707582746,31.2199993133545
"471","Gulf_of_California",2009,3.24908326402003,31.1999988555908
"472","Gulf_of_California",2010,0,30.4200000762939
"473","Gulf_of_California",2011,5.32465472124061,31.2799987792969
"474","Gulf_of_California",2012,5.69034556369392,31.0699996948242
"475","Gulf_of_California",2013,0.837797739067856,30.0999984741211
"476","Gulf_of_California",2014,4.76901144105561,31.3999996185303
"477","Hidden_Reef",1981,NA,26.0799999237061
"478","Hidden_Reef",1982,2.24462137981965,29.2199993133545
"479","Hidden_Reef",1983,24.865864957768,31.1999988555908
"480","Hidden_Reef",1984,1.28841042848227,29.2999992370605
"481","Hidden_Reef",1985,0,27.7199993133545
"482","Hidden_Reef",1986,0,28.2399997711182
"483","Hidden_Reef",1987,7.71644816483378,29.3099994659424
"484","Hidden_Reef",1988,0,27.7600002288818
"485","Hidden_Reef",1989,0,28.2399997711182
"486","Hidden_Reef",1990,0,28.2399997711182
"487","Hidden_Reef",1991,2.08747846818112,28.8499984741211
"488","Hidden_Reef",1992,13.0351939863716,29.939998626709
"489","Hidden_Reef",1993,6.94803901155032,30.4499988555908
"490","Hidden_Reef",1994,0,28.2899990081787
"491","Hidden_Reef",1995,0.724397602797026,28.6299991607666
"492","Hidden_Reef",1996,0.300770458851778,28.4200000762939
"493","Hidden_Reef",1997,2.92929215459466,29.8099994659424
"494","Hidden_Reef",1998,26.9023496478384,30.8400001525879
"495","Hidden_Reef",1999,0.590112084695743,28.4499988555908
"496","Hidden_Reef",2000,0.150385093186701,28.3799991607666
"497","Hidden_Reef",2001,1.79813711481553,29.0399990081787
"498","Hidden_Reef",2002,7.6542499628877,29.7299995422363
"499","Hidden_Reef",2003,3.44368958300553,29.1999988555908
"500","Hidden_Reef",2004,2.35500664739251,29.3699989318848
"501","Hidden_Reef",2005,0,28.1999988555908
"502","Hidden_Reef",2006,1.85813739819304,28.8499984741211
"503","Hidden_Reef",2007,1.82956531567351,29.1099987030029
"504","Hidden_Reef",2008,7.22062204510386,29.3899993896484
"505","Hidden_Reef",2009,3.63149165353782,29.7099990844727
"506","Hidden_Reef",2010,11.3553561090717,29.8299999237061
"507","Hidden_Reef",2011,1.22698154097878,28.9799995422363
"508","Hidden_Reef",2012,5.83051126830432,29.6399993896484
"509","Hidden_Reef",2013,3.31160252842957,28.8499984741211
"510","Hidden_Reef",2014,2.26280748632254,29.189998626709
"511","Isla_Isabel",1981,NA,30.8699989318848
"512","Isla_Isabel",1982,0.323426622085622,31.0599994659424
"513","Isla_Isabel",1983,1.59184795119717,31.2099990844727
"514","Isla_Isabel",1984,0.632996917948118,31.5399990081787
"515","Isla_Isabel",1985,0,30.6999988555908
"516","Isla_Isabel",1986,0,30.439998626709
"517","Isla_Isabel",1987,0.319140809707692,31.019998550415
"518","Isla_Isabel",1988,0,30.7999992370605
"519","Isla_Isabel",1989,0,30.5799999237061
"520","Isla_Isabel",1990,0,30.7600002288818
"521","Isla_Isabel",1991,0,30.8299999237061
"522","Isla_Isabel",1992,0.316283601455739,31.0499992370605
"523","Isla_Isabel",1993,0.326283830337575,30.9899997711182
"524","Isla_Isabel",1994,0.341997930766565,31.189998626709
"525","Isla_Isabel",1995,0,30.2099990844727
"526","Isla_Isabel",1996,0,30.75
"527","Isla_Isabel",1997,4.28954988690566,31.689998626709
"528","Isla_Isabel",1998,0.473426513094272,30.9799995422363
"529","Isla_Isabel",1999,0,30.75
"530","Isla_Isabel",2000,0.957422701601453,31.1599998474121
"531","Isla_Isabel",2001,0.487282839317398,31.0699996948242
"532","Isla_Isabel",2002,1.15413545133881,31.269998550415
"533","Isla_Isabel",2003,0.676853113381623,31.0799999237061
"534","Isla_Isabel",2004,3.55283703907609,31.6499996185303
"535","Isla_Isabel",2005,1.89998991541207,31.5999984741211
"536","Isla_Isabel",2006,5.1835464677817,31.8299999237061
"537","Isla_Isabel",2007,0.188141942416625,31.1599998474121
"538","Isla_Isabel",2008,0.937422516316157,31
"539","Isla_Isabel",2009,1.79384594735855,31.25
"540","Isla_Isabel",2010,0,30.7899990081787
"541","Isla_Isabel",2011,1.10842175417782,31.0299987792969
"542","Isla_Isabel",2012,3.61412537765001,31.5999984741211
"543","Isla_Isabel",2013,0.893566320882651,30.6399993896484
"544","Isla_Isabel",2014,3.42755231581055,31.4299983978271
"545","Isla_San_Pedrillo_Islas_Murcielago",1981,NA,29.3299999237061
"546","Isla_San_Pedrillo_Islas_Murcielago",1982,0.320161205439916,29.8599987030029
"547","Isla_San_Pedrillo_Islas_Murcielago",1983,7.3900452853034,31.0699996948242
"548","Isla_San_Pedrillo_Islas_Murcielago",1984,0,29.5299987792969
"549","Isla_San_Pedrillo_Islas_Murcielago",1985,0,29.4299983978271
"550","Isla_San_Pedrillo_Islas_Murcielago",1986,0,29.6499996185303
"551","Isla_San_Pedrillo_Islas_Murcielago",1987,4.12526453255509,30.5399990081787
"552","Isla_San_Pedrillo_Islas_Murcielago",1988,0.462384665302732,29.8099994659424
"553","Isla_San_Pedrillo_Islas_Murcielago",1989,0.393018380994464,30.0999984741211
"554","Isla_San_Pedrillo_Islas_Murcielago",1990,0,29.689998626709
"555","Isla_San_Pedrillo_Islas_Murcielago",1991,0.456670521277202,29.8699989318848
"556","Isla_San_Pedrillo_Islas_Murcielago",1992,0.696036881879414,30.3099994659424
"557","Isla_San_Pedrillo_Islas_Murcielago",1993,1.93811075462959,30.0599994659424
"558","Isla_San_Pedrillo_Islas_Murcielago",1994,0,29.3299999237061
"559","Isla_San_Pedrillo_Islas_Murcielago",1995,0.718893730459911,30.1700000762939
"560","Isla_San_Pedrillo_Islas_Murcielago",1996,0,29.5699996948242
"561","Isla_San_Pedrillo_Islas_Murcielago",1997,1.46858252374023,30.2299995422363
"562","Isla_San_Pedrillo_Islas_Murcielago",1998,5.93115151124695,30.5100002288818
"563","Isla_San_Pedrillo_Islas_Murcielago",1999,0,29.6499996185303
"564","Isla_San_Pedrillo_Islas_Murcielago",2000,0,29.6999988555908
"565","Isla_San_Pedrillo_Islas_Murcielago",2001,0,29.5299987792969
"566","Isla_San_Pedrillo_Islas_Murcielago",2002,0.294447148607467,29.7600002288818
"567","Isla_San_Pedrillo_Islas_Murcielago",2003,1.3406448326588,30.0399990081787
"568","Isla_San_Pedrillo_Islas_Murcielago",2004,0.991912634612857,29.9899997711182
"569","Isla_San_Pedrillo_Islas_Murcielago",2005,3.33573715179825,30.4299983978271
"570","Isla_San_Pedrillo_Islas_Murcielago",2006,2.01382513843609,30.1599998474121
"571","Isla_San_Pedrillo_Islas_Murcielago",2007,0.763179913408432,29.5999984741211
"572","Isla_San_Pedrillo_Islas_Murcielago",2008,0,29.5599994659424
"573","Isla_San_Pedrillo_Islas_Murcielago",2009,1.32270720697218,30.269998550415
"574","Isla_San_Pedrillo_Islas_Murcielago",2010,5.94321402724909,30.4099998474121
"575","Isla_San_Pedrillo_Islas_Murcielago",2011,0,29.5900001525879
"576","Isla_San_Pedrillo_Islas_Murcielago",2012,0.81826042893531,29.9200000762939
"577","Isla_San_Pedrillo_Islas_Murcielago",2013,0,29.4200000762939
"578","Isla_San_Pedrillo_Islas_Murcielago",2014,1.37858291610909,30.0999984741211
"579","Islas_Marietas",1981,NA,30.8299999237061
"580","Islas_Marietas",1982,1.59020781124635,31.3799991607666
"581","Islas_Marietas",1983,1.14243117125902,31.5399990081787
"582","Islas_Marietas",1984,0.300898585215927,31.25
"583","Islas_Marietas",1985,0,30.75
"584","Islas_Marietas",1986,0,30.519998550415
"585","Islas_Marietas",1987,0.457776596390784,31.2399997711182
"586","Islas_Marietas",1988,0.633225916246585,31.3400001525879
"587","Islas_Marietas",1989,0.149734990544975,31.2099990844727
"588","Islas_Marietas",1990,0,30.9099998474121
"589","Islas_Marietas",1991,0,30.769998550415
"590","Islas_Marietas",1992,0.144020846519445,31.1700000762939
"591","Islas_Marietas",1993,0,30.7999992370605
"592","Islas_Marietas",1994,0,31.0900001525879
"593","Islas_Marietas",1995,0,30.2999992370605
"594","Islas_Marietas",1996,0,30.8699989318848
"595","Islas_Marietas",1997,3.80443519381334,31.8699989318848
"596","Islas_Marietas",1998,1.78306473612079,31.7099990844727
"597","Islas_Marietas",1999,0,30.6599998474121
"598","Islas_Marietas",2000,1.4250230757793,31.5499992370605
"599","Islas_Marietas",2001,0.18973508863719,31
"600","Islas_Marietas",2002,2.66459660282097,31.6499996185303
"601","Islas_Marietas",2003,0.186877880385237,31.1299991607666
"602","Islas_Marietas",2004,6.52088669933246,32.3299980163574
"603","Islas_Marietas",2005,1.59047271171002,31.5699996948242
"604","Islas_Marietas",2006,2.07396363741163,31.6499996185303
"605","Islas_Marietas",2007,0,30.8499984741211
"606","Islas_Marietas",2008,0.925818049648703,31.7399997711182
"607","Islas_Marietas",2009,1.99253429214447,31.4799995422363
"608","Islas_Marietas",2010,0,31.0999984741211
"609","Islas_Marietas",2011,0.647511412549599,31.3699989318848
"610","Islas_Marietas",2012,3.38210771019479,31.769998550415
"611","Islas_Marietas",2013,0.812960503523564,30.9299983978271
"612","Islas_Marietas",2014,1.2935944934516,31.3799991607666
"613","La_Entrega",1981,NA,30.6099987030029
"614","La_Entrega",1982,1.62722172997671,31.3599987030029
"615","La_Entrega",1983,9.23751113381804,31.8299999237061
"616","La_Entrega",1984,0,30.439998626709
"617","La_Entrega",1985,0.517169206216196,31.0999984741211
"618","La_Entrega",1986,0.948624072222432,31.0299987792969
"619","La_Entrega",1987,0.633844561448139,30.939998626709
"620","La_Entrega",1988,0,30.6199989318848
"621","La_Entrega",1989,0.336208027707189,31.019998550415
"622","La_Entrega",1990,0.63145481151056,31.3099994659424
"623","La_Entrega",1991,5.20117201469226,32.2700004577637
"624","La_Entrega",1992,0.866234398578798,31.1099987030029
"625","La_Entrega",1993,0.759091268957565,30.9299983978271
"626","La_Entrega",1994,0.475740503998004,31.0999984741211
"627","La_Entrega",1995,0,30.6399993896484
"628","La_Entrega",1996,0,30.7199993133545
"629","La_Entrega",1997,2.18106664019717,31.25
"630","La_Entrega",1998,1.60436433643946,31.269998550415
"631","La_Entrega",1999,0.306207886018433,30.8699989318848
"632","La_Entrega",2000,0.645273121977575,31
"633","La_Entrega",2001,1.72200138243976,31
"634","La_Entrega",2002,3.14633891204222,31.4699993133545
"635","La_Entrega",2003,0.638130373826069,31
"636","La_Entrega",2004,2.3101054725873,31.5
"637","La_Entrega",2005,3.60922252386318,31.5999984741211
"638","La_Entrega",2006,3.86205404788904,32.6100006103516
"639","La_Entrega",2007,0,30.4699993133545
"640","La_Entrega",2008,0,30.5499992370605
"641","La_Entrega",2009,0.945766863970478,31.0299987792969
"642","La_Entrega",2010,1.01005268724754,31.1299991607666
"643","La_Entrega",2011,0.163818201475665,30.939998626709
"644","La_Entrega",2012,0.454312259543484,30.8999996185303
"645","La_Entrega",2013,0,30.5799999237061
"646","La_Entrega",2014,2.58202767701743,31.5699996948242
"647","Las_Iglesias",1981,NA,30.8199996948242
"648","Las_Iglesias",1982,0.157885178835318,30.7799987792969
"649","Las_Iglesias",1983,1.25593841005266,30.9099998474121
"650","Las_Iglesias",1984,0.405770237780151,31.189998626709
"651","Las_Iglesias",1985,0,30.5299987792969
"652","Las_Iglesias",1986,0,30.519998550415
"653","Las_Iglesias",1987,0.355770455762852,31
"654","Las_Iglesias",1988,0.157885178835318,30.8199996948242
"655","Las_Iglesias",1989,0.157885178835318,30.5100002288818
"656","Las_Iglesias",1990,0.312913149418684,30.8199996948242
"657","Las_Iglesias",1991,0.294341840737741,30.7600002288818
"658","Las_Iglesias",1992,0.149313826557835,30.7600002288818
"659","Las_Iglesias",1993,0.517941174497724,31.0100002288818
"660","Las_Iglesias",1994,0.288627424233834,30.7299995422363
"661","Las_Iglesias",1995,0,30.1499996185303
"662","Las_Iglesias",1996,0,30.7099990844727
"663","Las_Iglesias",1997,5.03209990902588,31.9899997711182
"664","Las_Iglesias",1998,0.502913138519549,30.9699993133545
"665","Las_Iglesias",1999,0,30.5999984741211
"666","Las_Iglesias",2000,0.622969090585414,30.939998626709
"667","Las_Iglesias",2001,0.394341677250715,31.1700000762939
"668","Las_Iglesias",2002,0.843711488571821,31.1199989318848
"669","Las_Iglesias",2003,0.766568228160967,30.8499984741211
"670","Las_Iglesias",2004,2.30467737874677,31.2199993133545
"671","Las_Iglesias",2005,1.94456545281677,31.3899993896484
"672","Las_Iglesias",2006,5.26712862075043,31.6299991607666
"673","Las_Iglesias",2007,0.159313782961295,30.8299999237061
"674","Las_Iglesias",2008,0.327198645721697,30.8699989318848
"675","Las_Iglesias",2009,1.18948171545284,31.0799999237061
"676","Las_Iglesias",2010,0,30.5499992370605
"677","Las_Iglesias",2011,1.10662458349483,30.8999996185303
"678","Las_Iglesias",2012,3.22473365778669,31.3999996185303
"679","Las_Iglesias",2013,0.735826364232178,30.6999988555908
"680","Las_Iglesias",2014,4.49352896001639,31.5900001525879
"681","Leptoseris_reef",1981,NA,29.2199993133545
"682","Leptoseris_reef",1982,0.639552160969998,30.0799999237061
"683","Leptoseris_reef",1983,7.99277781624006,31.2999992370605
"684","Leptoseris_reef",1984,0,29.8099994659424
"685","Leptoseris_reef",1985,0,29.4299983978271
"686","Leptoseris_reef",1986,0.302633103451657,29.9499988555908
"687","Leptoseris_reef",1987,2.27425906499645,30.4200000762939
"688","Leptoseris_reef",1988,0,29.3899993896484
"689","Leptoseris_reef",1989,0.322633288736952,30.1099987030029
"690","Leptoseris_reef",1990,0.345490409795825,30.1499996185303
"691","Leptoseris_reef",1991,0.296918959426126,29.939998626709
"692","Leptoseris_reef",1992,0.716695148902476,30.4899997711182
"693","Leptoseris_reef",1993,0.852297327720938,30.2199993133545
"694","Leptoseris_reef",1994,0,29.7999992370605
"695","Leptoseris_reef",1995,0.633838016944468,30.0299987792969
"696","Leptoseris_reef",1996,0,29.6499996185303
"697","Leptoseris_reef",1997,1.75591191561148,30.1599998474121
"698","Leptoseris_reef",1998,4.60863035677922,30.5900001525879
"699","Leptoseris_reef",1999,0,29.689998626709
"700","Leptoseris_reef",2000,0,29.5399990081787
"701","Leptoseris_reef",2001,0,29.5399990081787
"702","Leptoseris_reef",2002,0.316918872233046,30.019998550415
"703","Leptoseris_reef",2003,1.64042104805199,30.4699993133545
"704","Leptoseris_reef",2004,2.31865664639702,30.5900001525879
"705","Leptoseris_reef",2005,5.16291622365282,30.7399997711182
"706","Leptoseris_reef",2006,7.33014410243684,30.9699993133545
"707","Leptoseris_reef",2007,1.05801168972917,30.0100002288818
"708","Leptoseris_reef",2008,0,29.7999992370605
"709","Leptoseris_reef",2009,0.953614097429467,30.1799983978271
"710","Leptoseris_reef",2010,6.11367365778709,30.6799983978271
"711","Leptoseris_reef",2011,0,29.5499992370605
"712","Leptoseris_reef",2012,1.22767648075347,30.3499984741211
"713","Leptoseris_reef",2013,0,29.6199989318848
"714","Leptoseris_reef",2014,1.62173779596224,30.2299995422363
"715","Majahuitas",1981,NA,31.1499996185303
"716","Majahuitas",1982,0.482671148766021,31.1199989318848
"717","Majahuitas",1983,1.72033258956698,31.3199996948242
"718","Majahuitas",1984,0.645528204430084,31.6799983978271
"719","Majahuitas",1985,0,30.6399993896484
"720","Majahuitas",1986,0,30.5299987792969
"721","Majahuitas",1987,0,30.9099998474121
"722","Majahuitas",1988,0,30.6399993896484
"723","Majahuitas",1989,0,30.5299987792969
"724","Majahuitas",1990,0,30.7299995422363
"725","Majahuitas",1991,0,30.7299995422363
"726","Majahuitas",1992,0.172319034277569,31.1599998474121
"727","Majahuitas",1993,0.307494906236499,31.0399990081787
"728","Majahuitas",1994,0.346066672681114,31.3199996948242
"729","Majahuitas",1995,0,30.4799995422363
"730","Majahuitas",1996,0,30.8499984741211
"731","Majahuitas",1997,3.30227972285539,31.5699996948242
"732","Majahuitas",1998,0.440352092690182,31.0100002288818
"733","Majahuitas",1999,0,30.8299999237061
"734","Majahuitas",2000,0.328923695647772,31.25
"735","Majahuitas",2001,0.297495222311416,31.0100002288818
"736","Majahuitas",2002,0.843023317750149,31.25
"737","Majahuitas",2003,0.707847445791218,31.25
"738","Majahuitas",2004,5.50153535412204,31.9200000762939
"739","Majahuitas",2005,1.73515606365995,31.7799987792969
"740","Majahuitas",2006,5.66975499517907,32.1699981689453
"741","Majahuitas",2007,0.338923652051231,31.2899990081787
"742","Majahuitas",2008,0.817308988439323,31.1700000762939
"743","Majahuitas",2009,1.59033261136525,31.2099990844727
"744","Majahuitas",2010,0.301781034689345,30.9499988555908
"745","Majahuitas",2011,0.741594877111198,31.019998550415
"746","Majahuitas",2012,4.09977440021005,31.8699989318848
"747","Majahuitas",2013,1.11962800091862,30.6199989318848
"748","Majahuitas",2014,3.45923621533653,31.4799995422363
"749","Malpelo_Island",1981,NA,27.4300003051758
"750","Malpelo_Island",1982,4.88696488649771,29.9499988555908
"751","Malpelo_Island",1983,16.4801448221816,30.9299983978271
"752","Malpelo_Island",1984,0.336386028287283,29.0100002288818
"753","Malpelo_Island",1985,0,28.6700000762939
"754","Malpelo_Island",1986,0,28.6599998474121
"755","Malpelo_Island",1987,2.29865038434167,29.3499984741211
"756","Malpelo_Island",1988,0.694200301029087,29.0299987792969
"757","Malpelo_Island",1989,0,28.269998550415
"758","Malpelo_Island",1990,0.144621454782593,28.7199993133545
"759","Malpelo_Island",1991,0.875964373173565,29.1099987030029
"760","Malpelo_Island",1992,2.41512178228904,29.689998626709
"761","Malpelo_Island",1993,2.66184309330953,29.6599998474121
"762","Malpelo_Island",1994,0.294957326069091,28.75
"763","Malpelo_Island",1995,0.150335871286499,28.7600002288818
"764","Malpelo_Island",1996,0,28.3199996948242
"765","Malpelo_Island",1997,6.22503027121749,29.769998550415
"766","Malpelo_Island",1998,16.3948462136565,30.6199989318848
"767","Malpelo_Island",1999,0,28.0299987792969
"768","Malpelo_Island",2000,0,28.1499996185303
"769","Malpelo_Island",2001,0,28.1199989318848
"770","Malpelo_Island",2002,1.54697184534431,29.4599990844727
"771","Malpelo_Island",2003,4.94738583316765,30.3499984741211
"772","Malpelo_Island",2004,0.146050058908569,28.7299995422363
"773","Malpelo_Island",2005,2.63722193280359,29.769998550415
"774","Malpelo_Island",2006,0,28.5100002288818
"775","Malpelo_Island",2007,4.58772229300744,29.9099998474121
"776","Malpelo_Island",2008,1.09377925626693,28.9699993133545
"777","Malpelo_Island",2009,0.147478663034546,28.7399997711182
"778","Malpelo_Island",2010,13.1055230077275,30.1099987030029
"779","Malpelo_Island",2011,2.10369343974231,29.3400001525879
"780","Malpelo_Island",2012,2.96075052395708,29.6099987030029
"781","Malpelo_Island",2013,7.35637335309549,30.0900001525879
"782","Malpelo_Island",2014,6.61965063608658,29.9499988555908
"783","Matapalo",1981,NA,29.4699993133545
"784","Matapalo",1982,0.363630851685334,30.1700000762939
"785","Matapalo",1983,7.89865435292017,31.269998550415
"786","Matapalo",1984,0.456160154524723,30.019998550415
"787","Matapalo",1985,0,29.5799999237061
"788","Matapalo",1986,0.143958233939417,29.8999996185303
"789","Matapalo",1987,3.66312175741943,30.4299983978271
"790","Matapalo",1988,0,29.8799991607666
"791","Matapalo",1989,0.355059226929475,30.1700000762939
"792","Matapalo",1990,0.307916380685753,29.9899997711182
"793","Matapalo",1991,0.477588671457619,30.1399993896484
"794","Matapalo",1992,0.41505923782861,30.5100002288818
"795","Matapalo",1993,0.650118715438191,30.0999984741211
"796","Matapalo",1994,0,29.6499996185303
"797","Matapalo",1995,0.322201876988766,30.0999984741211
"798","Matapalo",1996,0,29.5299987792969
"799","Matapalo",1997,1.57386704006032,30.2199993133545
"800","Matapalo",1998,5.71951885235946,30.7099990844727
"801","Matapalo",1999,0,29.5100002288818
"802","Matapalo",2000,0,29.7999992370605
"803","Matapalo",2001,0,29.5299987792969
"804","Matapalo",2002,0.151100982090923,29.9499988555908
"805","Matapalo",2003,1.38166541375166,30.2799987792969
"806","Matapalo",2004,1.15199311208066,30.2399997711182
"807","Matapalo",2005,2.28035498010712,30.4299983978271
"808","Matapalo",2006,3.38630660950471,30.3899993896484
"809","Matapalo",2007,0.563303284145956,30.019998550415
"810","Matapalo",2008,0,29.6399993896484
"811","Matapalo",2009,0.682975520422147,30.1599998474121
"812","Matapalo",2010,6.14951861257849,30.7099990844727
"813","Matapalo",2011,0,29.4499988555908
"814","Matapalo",2012,0.855505291924343,30.1700000762939
"815","Matapalo",2013,0,29.5299987792969
"816","Matapalo",2014,0.769791224192758,30.1099987030029
"817","Paredon",1981,NA,31.1499996185303
"818","Paredon",1982,0.482671148766021,31.1199989318848
"819","Paredon",1983,1.72033258956698,31.3199996948242
"820","Paredon",1984,0.645528204430084,31.6799983978271
"821","Paredon",1985,0,30.6399993896484
"822","Paredon",1986,0,30.5299987792969
"823","Paredon",1987,0,30.9099998474121
"824","Paredon",1988,0,30.6399993896484
"825","Paredon",1989,0,30.5299987792969
"826","Paredon",1990,0,30.7299995422363
"827","Paredon",1991,0,30.7299995422363
"828","Paredon",1992,0.172319034277569,31.1599998474121
"829","Paredon",1993,0.307494906236499,31.0399990081787
"830","Paredon",1994,0.346066672681114,31.3199996948242
"831","Paredon",1995,0,30.4799995422363
"832","Paredon",1996,0,30.8499984741211
"833","Paredon",1997,3.30227972285539,31.5699996948242
"834","Paredon",1998,0.440352092690182,31.0100002288818
"835","Paredon",1999,0,30.8299999237061
"836","Paredon",2000,0.328923695647772,31.25
"837","Paredon",2001,0.297495222311416,31.0100002288818
"838","Paredon",2002,0.843023317750149,31.25
"839","Paredon",2003,0.707847445791218,31.25
"840","Paredon",2004,5.50153535412204,31.9200000762939
"841","Paredon",2005,1.73515606365995,31.7799987792969
"842","Paredon",2006,5.66975499517907,32.1699981689453
"843","Paredon",2007,0.338923652051231,31.2899990081787
"844","Paredon",2008,0.817308988439323,31.1700000762939
"845","Paredon",2009,1.59033261136525,31.2099990844727
"846","Paredon",2010,0.301781034689345,30.9499988555908
"847","Paredon",2011,0.741594877111198,31.019998550415
"848","Paredon",2012,4.09977440021005,31.8699989318848
"849","Paredon",2013,1.11962800091862,30.6199989318848
"850","Paredon",2014,3.45923621533653,31.4799995422363
"851","Punta_Mita",1981,NA,31.0599994659424
"852","Punta_Mita",1982,1.70572715405181,31.269998550415
"853","Punta_Mita",1983,1.61729724129381,31.2799987792969
"854","Punta_Mita",1984,0.642432508223774,31.6499996185303
"855","Punta_Mita",1985,0,30.689998626709
"856","Punta_Mita",1986,0,30.5499992370605
"857","Punta_Mita",1987,0.329716924776601,31.1799983978271
"858","Punta_Mita",1988,0,30.7299995422363
"859","Punta_Mita",1989,0,30.5799999237061
"860","Punta_Mita",1990,0,30.7299995422363
"861","Punta_Mita",1991,0,30.8299999237061
"862","Punta_Mita",1992,0.326859716524648,31.1999988555908
"863","Punta_Mita",1993,0.145572715405181,30.9599990844727
"864","Punta_Mita",1994,0.349716837583521,31.3099994659424
"865","Punta_Mita",1995,0,30.0499992370605
"866","Punta_Mita",1996,0.469575496156252,31.0599994659424
"867","Punta_Mita",1997,4.3211708841079,31.689998626709
"868","Punta_Mita",1998,0.609575158283065,31.0499992370605
"869","Punta_Mita",1999,0,30.8899993896484
"870","Punta_Mita",2000,0.529575507055387,31.3099994659424
"871","Punta_Mita",2001,0.482432388333289,31.0999984741211
"872","Punta_Mita",2002,0.880720676286508,31.3699989318848
"873","Punta_Mita",2003,0.659433849553202,31.1499996185303
"874","Punta_Mita",2004,4.4640285719218,31.939998626709
"875","Punta_Mita",2005,1.8214419084289,31.6199989318848
"876","Punta_Mita",2006,4.87789068699197,31.939998626709
"877","Punta_Mita",2007,0.34400269355799,31.3400001525879
"878","Punta_Mita",2008,1.35315338069471,31.3999996185303
"879","Punta_Mita",2009,2.15101665254484,31.3699989318848
"880","Punta_Mita",2010,0,30.7099990844727
"881","Punta_Mita",2011,1.1247238058099,31.2299995422363
"882","Punta_Mita",2012,4.37131339174262,31.7199993133545
"883","Punta_Mita",2013,1.0862936750692,30.6499996185303
"884","Punta_Mita",2014,3.04888112329982,31.2799987792969
"885","Punta_Uvita",1981,NA,28.9499988555908
"886","Punta_Uvita",1982,3.52771512735353,31.6299991607666
"887","Punta_Uvita",1983,6.31381214724472,32.0200004577637
"888","Punta_Uvita",1984,0,30.439998626709
"889","Punta_Uvita",1985,0,29.9799995422363
"890","Punta_Uvita",1986,0,29.9599990844727
"891","Punta_Uvita",1987,0.313396846251396,30.7099990844727
"892","Punta_Uvita",1988,0,30.5900001525879
"893","Punta_Uvita",1989,0,30.3599987030029
"894","Punta_Uvita",1990,0,30.519998550415
"895","Punta_Uvita",1991,0.949206379544507,31.189998626709
"896","Punta_Uvita",1992,2.06466746754047,31.1199989318848
"897","Punta_Uvita",1993,0,30.25
"898","Punta_Uvita",1994,0,30.2399997711182
"899","Punta_Uvita",1995,0,30.3999996185303
"900","Punta_Uvita",1996,0,30.3899993896484
"901","Punta_Uvita",1997,0.49866707941825,30.9200000762939
"902","Punta_Uvita",1998,4.42835114644184,31.4699993133545
"903","Punta_Uvita",1999,0,30.3799991607666
"904","Punta_Uvita",2000,0,30.2299995422363
"905","Punta_Uvita",2001,0,30.5499992370605
"906","Punta_Uvita",2002,2.0689532799184,31.1399993896484
"907","Punta_Uvita",2003,0,30.5900001525879
"908","Punta_Uvita",2004,1.38930232466797,31.2199993133545
"909","Punta_Uvita",2005,0,30.4299983978271
"910","Punta_Uvita",2006,0.458666981326034,30.7399997711182
"911","Punta_Uvita",2007,0,30.5699996948242
"912","Punta_Uvita",2008,0,30.3499984741211
"913","Punta_Uvita",2009,0,30.1299991607666
"914","Punta_Uvita",2010,1.17831776219029,30.8299999237061
"915","Punta_Uvita",2011,0,30.4699993133545
"916","Punta_Uvita",2012,0,30.5499992370605
"917","Punta_Uvita",2013,0.145269862596262,30.6199989318848
"918","Punta_Uvita",2014,1.62358767928223,31.439998626709
"919","Roca_Espejo_1",1981,NA,25.9200000762939
"920","Roca_Espejo_1",1982,0.486813830575949,28.1499996185303
"921","Roca_Espejo_1",1983,27.8450680658015,30.7799987792969
"922","Roca_Espejo_1",1984,0.345971161476321,28.1700000762939
"923","Roca_Espejo_1",1985,0,25.9899997711182
"924","Roca_Espejo_1",1986,0.842784675977353,28.1700000762939
"925","Roca_Espejo_1",1987,12.9643321850333,29.6499996185303
"926","Roca_Espejo_1",1988,0,26.8899993896484
"927","Roca_Espejo_1",1989,0,27.5999984741211
"928","Roca_Espejo_1",1990,0,27.6499996185303
"929","Roca_Espejo_1",1991,3.66685294602716,28.5299987792969
"930","Roca_Espejo_1",1992,15.2688022319073,29.7899990081787
"931","Roca_Espejo_1",1993,5.62333763014571,29.4699993133545
"932","Roca_Espejo_1",1994,0.153699833755041,27.8999996185303
"933","Roca_Espejo_1",1995,0.661942181263886,28.2299995422363
"934","Roca_Espejo_1",1996,0.340256744972415,28.019998550415
"935","Roca_Espejo_1",1997,9.16454827777643,29.3999996185303
"936","Roca_Espejo_1",1998,31.2236394398773,30.8699989318848
"937","Roca_Espejo_1",1999,0.350256701375874,28.1399993896484
"938","Roca_Espejo_1",2000,0,27.2600002288818
"939","Roca_Espejo_1",2001,2.32212648115478,28.8599987030029
"940","Roca_Espejo_1",2002,6.71007997476403,28.9599990844727
"941","Roca_Espejo_1",2003,3.84633897652039,29.2199993133545
"942","Roca_Espejo_1",2004,0,27.4300003051758
"943","Roca_Espejo_1",2005,1.9447268463421,28.75
"944","Roca_Espejo_1",2006,2.12699794518155,28.8699989318848
"945","Roca_Espejo_1",2007,2.81776825639274,28.4599990844727
"946","Roca_Espejo_1",2008,8.24663563258087,29.3699989318848
"947","Roca_Espejo_1",2009,0.562527941904074,28.3299999237061
"948","Roca_Espejo_1",2010,9.77370560867681,29.2099990844727
"949","Roca_Espejo_1",2011,4.85762298475997,28.5599994659424
"950","Roca_Espejo_1",2012,4.72450975087852,28.8400001525879
"951","Roca_Espejo_1",2013,1.89615512349403,28.8299999237061
"952","Roca_Espejo_1",2014,0.620513479045694,27.9599990844727
"953","Rocas_las_tres_hermanas",1981,NA,29.1499996185303
"954","Rocas_las_tres_hermanas",1982,3.70979102620018,31.8999996185303
"955","Rocas_las_tres_hermanas",1983,6.16478272752592,32.1100006103516
"956","Rocas_las_tres_hermanas",1984,0,30.2899990081787
"957","Rocas_las_tres_hermanas",1985,0,29.9699993133545
"958","Rocas_las_tres_hermanas",1986,0,30.0900001525879
"959","Rocas_las_tres_hermanas",1987,0.330128574308555,30.9099998474121
"960","Rocas_las_tres_hermanas",1988,0.144349799805993,30.689998626709
"961","Rocas_las_tres_hermanas",1989,0,30.1700000762939
"962","Rocas_las_tres_hermanas",1990,0.600256320282847,30.7899990081787
"963","Rocas_las_tres_hermanas",1991,0.914606741339537,31.2600002288818
"964","Rocas_las_tres_hermanas",1992,1.71635593655394,31.1700000762939
"965","Rocas_las_tres_hermanas",1993,0,30.3799991607666
"966","Rocas_las_tres_hermanas",1994,0,30.269998550415
"967","Rocas_las_tres_hermanas",1995,0,30.3899993896484
"968","Rocas_las_tres_hermanas",1996,0,30.4899997711182
"969","Rocas_las_tres_hermanas",1997,0.478764186492478,30.9200000762939
"970","Rocas_las_tres_hermanas",1998,3.7884266710815,31.4299983978271
"971","Rocas_las_tres_hermanas",1999,0,30.5399990081787
"972","Rocas_las_tres_hermanas",2000,0,30.1499996185303
"973","Rocas_las_tres_hermanas",2001,0,30.4599990844727
"974","Rocas_las_tres_hermanas",2002,2.24940571744164,31.0299987792969
"975","Rocas_las_tres_hermanas",2003,0.334414114208109,30.9200000762939
"976","Rocas_las_tres_hermanas",2004,1.24902058306927,31.1999988555908
"977","Rocas_las_tres_hermanas",2005,0,30.5999984741211
"978","Rocas_las_tres_hermanas",2006,0.300128432619799,30.7399997711182
"979","Rocas_las_tres_hermanas",2007,0.142921195680017,30.6799983978271
"980","Rocas_las_tres_hermanas",2008,0,30.3899993896484
"981","Rocas_las_tres_hermanas",2009,0,30.1399993896484
"982","Rocas_las_tres_hermanas",2010,1.84356303180496,31.0900001525879
"983","Rocas_las_tres_hermanas",2011,0,30.6599998474121
"984","Rocas_las_tres_hermanas",2012,0.161492776839336,30.8099994659424
"985","Rocas_las_tres_hermanas",2013,0,30.4699993133545
"986","Rocas_las_tres_hermanas",2014,1.59622780910992,31.6700000762939
"987","Saboga_Island",1981,NA,29.7600002288818
"988","Saboga_Island",1982,1.80146279951342,30.2299995422363
"989","Saboga_Island",1983,6.99411512426778,31.2799987792969
"990","Saboga_Island",1984,0,29.0900001525879
"991","Saboga_Island",1985,0,29.1199989318848
"992","Saboga_Island",1986,0,29.3899993896484
"993","Saboga_Island",1987,0.143860579834503,29.6499996185303
"994","Saboga_Island",1988,0,29.5100002288818
"995","Saboga_Island",1989,0,29.1199989318848
"996","Saboga_Island",1990,0,29.1700000762939
"997","Saboga_Island",1991,0.961734438915641,29.8599987030029
"998","Saboga_Island",1992,0.961734438915641,30.0100002288818
"999","Saboga_Island",1993,0,29.5399990081787
"1000","Saboga_Island",1994,0,29.5699996948242
"1001","Saboga_Island",1995,0.973163271923454,29.8799991607666
"1002","Saboga_Island",1996,0,29.3899993896484
"1003","Saboga_Island",1997,1.83003406459782,30.2199993133545
"1004","Saboga_Island",1998,3.75948969587988,30.4799995422363
"1005","Saboga_Island",1999,0,29.3699989318848
"1006","Saboga_Island",2000,0,29.5699996948242
"1007","Saboga_Island",2001,0.853588689752176,30.0100002288818
"1008","Saboga_Island",2002,0.330578193534799,29.8599987030029
"1009","Saboga_Island",2003,0.330578193534799,29.6199989318848
"1010","Saboga_Island",2004,0,29.4799995422363
"1011","Saboga_Island",2005,1.70818054400334,30.0299987792969
"1012","Saboga_Island",2006,2.67076558969459,30.0399990081787
"1013","Saboga_Island",2007,0.143860579834503,29.6499996185303
"1014","Saboga_Island",2008,0,29.4200000762939
"1015","Saboga_Island",2009,0.146717788086456,29.6700000762939
"1016","Saboga_Island",2010,3.5886392852887,30.2399997711182
"1017","Saboga_Island",2011,0,29.5
"1018","Saboga_Island",2012,2.00532311776868,30.2399997711182
"1019","Saboga_Island",2013,0.153860536237963,29.7199993133545
"1020","Saboga_Island",2014,0.709727837439297,29.9200000762939
"1021","Socorro_Island",1981,NA,28.4499988555908
"1022","Socorro_Island",1982,9.60885759432744,30.189998626709
"1023","Socorro_Island",1983,1.38071770382367,29.2899990081787
"1024","Socorro_Island",1984,2.45321957636539,30.3199996948242
"1025","Socorro_Island",1985,0,28.3499984741211
"1026","Socorro_Island",1986,3.63840011737314,29.7600002288818
"1027","Socorro_Island",1987,7.14073080950618,29.4599990844727
"1028","Socorro_Island",1988,3.95527646728375,28.3899993896484
"1029","Socorro_Island",1989,0.144196853110318,28.8099994659424
"1030","Socorro_Island",1990,2.02616482835761,29.3599987030029
"1031","Socorro_Island",1991,0.76669878014771,28.9099998474121
"1032","Socorro_Island",1992,1.57071796540291,29.4599990844727
"1033","Socorro_Island",1993,0.502590526633548,29.0599994659424
"1034","Socorro_Island",1994,5.01617144659367,29.4299983978271
"1035","Socorro_Island",1995,1.01660961379653,29.1599998474121
"1036","Socorro_Island",1996,0,28.769998550415
"1037","Socorro_Island",1997,12.5126996457851,30.439998626709
"1038","Socorro_Island",1998,2.20036209563506,29.6599998474121
"1039","Socorro_Island",1999,0,28.6999988555908
"1040","Socorro_Island",2000,2.60884499000514,29.4200000762939
"1041","Socorro_Island",2001,2.30330803427279,29.5799999237061
"1042","Socorro_Island",2002,1.62348578932098,29.2799987792969
"1043","Socorro_Island",2003,6.85027939493205,30.1499996185303
"1044","Socorro_Island",2004,5.30670436296595,30.019998550415
"1045","Socorro_Island",2005,1.71928897980721,29.75
"1046","Socorro_Island",2006,3.93697156774283,29.769998550415
"1047","Socorro_Island",2007,1.44509242097354,29.019998550415
"1048","Socorro_Island",2008,0.678215853080222,29.0699996948242
"1049","Socorro_Island",2009,9.73707284795523,29.9499988555908
"1050","Socorro_Island",2010,0,28.6099987030029
"1051","Socorro_Island",2011,0.919555334451561,29.269998550415
"1052","Socorro_Island",2012,3.02857783972393,29.7199993133545
"1053","Socorro_Island",2013,3.00018408990675,30
"1054","Socorro_Island",2014,11.2041268766201,30.2999992370605
"1055","Uva_Island",1981,NA,29
"1056","Uva_Island",1982,0.792533777198014,30.6399993896484
"1057","Uva_Island",1983,7.56932322833003,32
"1058","Uva_Island",1984,0.530948853006169,30.4599990844727
"1059","Uva_Island",1985,0,29.5900001525879
"1060","Uva_Island",1986,0,29.5699996948242
"1061","Uva_Island",1987,0,29.7899990081787
"1062","Uva_Island",1988,0.378728010216538,30.5699996948242
"1063","Uva_Island",1989,0,29.9299983978271
"1064","Uva_Island",1990,0,30.0299987792969
"1065","Uva_Island",1991,0,29.9499988555908
"1066","Uva_Island",1992,0.930469123684631,30.3499984741211
"1067","Uva_Island",1993,0,29.8599987030029
"1068","Uva_Island",1994,0,30.0999984741211
"1069","Uva_Island",1995,0,29.8899993896484
"1070","Uva_Island",1996,0,29.9699993133545
"1071","Uva_Island",1997,5.58155412090068,31.3999996185303
"1072","Uva_Island",1998,10.2796258731764,31.4099998474121
"1073","Uva_Island",1999,0,29.9200000762939
"1074","Uva_Island",2000,0,30.019998550415
"1075","Uva_Island",2001,0,29.7899990081787
"1076","Uva_Island",2002,0.167935488175373,30.3400001525879
"1077","Uva_Island",2003,1.00904098822146,30.5599994659424
"1078","Uva_Island",2004,0.755391159836128,30.2600002288818
"1079","Uva_Island",2005,1.71935334497569,30.5499992370605
"1080","Uva_Island",2006,0.621741353249064,30.2799987792969
"1081","Uva_Island",2007,0.347299536880182,30.5100002288818
"1082","Uva_Island",2008,0,29.9099998474121
"1083","Uva_Island",2009,0.907612002625758,30.269998550415
"1084","Uva_Island",2010,3.40235669272287,30.6199989318848
"1085","Uva_Island",2011,0,29.7999992370605
"1086","Uva_Island",2012,0,29.9200000762939
"1087","Uva_Island",2013,0.189364005108269,30.4899997711182
"1088","Uva_Island",2014,1.04761193723095,30.519998550415
"1089","Wolf_North_Corals",1981,NA,26.1999988555908
"1090","Wolf_North_Corals",1982,1.33478081391154,29.0299987792969
"1091","Wolf_North_Corals",1983,25.7830860471945,30.8699989318848
"1092","Wolf_North_Corals",1984,0.893415011882468,28.8699989318848
"1093","Wolf_North_Corals",1985,0,27.3299999237061
"1094","Wolf_North_Corals",1986,0.312794427953322,28.2899990081787
"1095","Wolf_North_Corals",1987,11.4603606158766,29.1399993896484
"1096","Wolf_North_Corals",1988,0,27.5999984741211
"1097","Wolf_North_Corals",1989,0,28.0599994659424
"1098","Wolf_North_Corals",1990,0,28.019998550415
"1099","Wolf_North_Corals",1991,2.26887937530708,28.6700000762939
"1100","Wolf_North_Corals",1992,13.5796138500995,29.8499984741211
"1101","Wolf_North_Corals",1993,8.69378057979611,30.3400001525879
"1102","Wolf_North_Corals",1994,0,27.8599987030029
"1103","Wolf_North_Corals",1995,0,28.1700000762939
"1104","Wolf_North_Corals",1996,0.499191783618739,28.519998550415
"1105","Wolf_North_Corals",1997,3.7801198347216,29.4099998474121
"1106","Wolf_North_Corals",1998,27.5316588054604,30.7899990081787
"1107","Wolf_North_Corals",1999,0.288508702768473,28.1999988555908
"1108","Wolf_North_Corals",2000,0,28.0699996948242
"1109","Wolf_North_Corals",2001,2.21322742302689,28.939998626709
"1110","Wolf_North_Corals",2002,7.28179344179757,29.4499988555908
"1111","Wolf_North_Corals",2003,3.83154849334325,28.939998626709
"1112","Wolf_North_Corals",2004,2.43459282178797,29.3599987030029
"1113","Wolf_North_Corals",2005,0,28.0399990081787
"1114","Wolf_North_Corals",2006,2.11751312641347,28.8999996185303
"1115","Wolf_North_Corals",2007,2.49602198176984,29.0699996948242
"1116","Wolf_North_Corals",2008,7.87384313121291,29.3699989318848
"1117","Wolf_North_Corals",2009,3.59949886932273,29.4299983978271
"1118","Wolf_North_Corals",2010,11.3512938043018,29.7600002288818
"1119","Wolf_North_Corals",2011,1.5818610869402,28.8799991607666
"1120","Wolf_North_Corals",2012,4.98340982006442,28.8099994659424
"1121","Wolf_North_Corals",2013,3.81359757240702,28.8599987030029
"1122","Wolf_North_Corals",2014,2.27819615276806,28.9499988555908
"1123","Yelapa",1981,NA,31.1499996185303
"1124","Yelapa",1982,0.482671148766021,31.1199989318848
"1125","Yelapa",1983,1.72033258956698,31.3199996948242
"1126","Yelapa",1984,0.645528204430084,31.6799983978271
"1127","Yelapa",1985,0,30.6399993896484
"1128","Yelapa",1986,0,30.5299987792969
"1129","Yelapa",1987,0,30.9099998474121
"1130","Yelapa",1988,0,30.6399993896484
"1131","Yelapa",1989,0,30.5299987792969
"1132","Yelapa",1990,0,30.7299995422363
"1133","Yelapa",1991,0,30.7299995422363
"1134","Yelapa",1992,0.172319034277569,31.1599998474121
"1135","Yelapa",1993,0.307494906236499,31.0399990081787
"1136","Yelapa",1994,0.346066672681114,31.3199996948242
"1137","Yelapa",1995,0,30.4799995422363
"1138","Yelapa",1996,0,30.8499984741211
"1139","Yelapa",1997,3.30227972285539,31.5699996948242
"1140","Yelapa",1998,0.440352092690182,31.0100002288818
"1141","Yelapa",1999,0,30.8299999237061
"1142","Yelapa",2000,0.328923695647772,31.25
"1143","Yelapa",2001,0.297495222311416,31.0100002288818
"1144","Yelapa",2002,0.843023317750149,31.25
"1145","Yelapa",2003,0.707847445791218,31.25
"1146","Yelapa",2004,5.50153535412204,31.9200000762939
"1147","Yelapa",2005,1.73515606365995,31.7799987792969
"1148","Yelapa",2006,5.66975499517907,32.1699981689453
"1149","Yelapa",2007,0.338923652051231,31.2899990081787
"1150","Yelapa",2008,0.817308988439323,31.1700000762939
"1151","Yelapa",2009,1.59033261136525,31.2099990844727
"1152","Yelapa",2010,0.301781034689345,30.9499988555908
"1153","Yelapa",2011,0.741594877111198,31.019998550415
"1154","Yelapa",2012,4.09977440021005,31.8699989318848
"1155","Yelapa",2013,1.11962800091862,30.6199989318848
"1156","Yelapa",2014,3.45923621533653,31.4799995422363
"1157","La_Azufrada",1981,NA,29.3899993896484
"1158","La_Azufrada",1982,1.71563853677595,29.7899990081787
"1159","La_Azufrada",1983,20.0538751126277,30.7099990844727
"1160","La_Azufrada",1984,0,28.3999996185303
"1161","La_Azufrada",1985,0,28.3099994659424
"1162","La_Azufrada",1986,0,27.8999996185303
"1163","La_Azufrada",1987,2.23234467321199,29.4299983978271
"1164","La_Azufrada",1988,0.1538496802244,28.8400001525879
"1165","La_Azufrada",1989,0,28.189998626709
"1166","La_Azufrada",1990,0.344841977810687,29.0999984741211
"1167","La_Azufrada",1991,0,28.5599994659424
"1168","La_Azufrada",1992,6.18902086003036,29.8099994659424
"1169","La_Azufrada",1993,0.860676612879117,29.1700000762939
"1170","La_Azufrada",1994,0,28.1999988555908
"1171","La_Azufrada",1995,0.301984671466519,28.8499984741211
"1172","La_Azufrada",1996,0,28.5599994659424
"1173","La_Azufrada",1997,11.3073212697052,30.0100002288818
"1174","La_Azufrada",1998,20.479710140065,30.9299983978271
"1175","La_Azufrada",1999,0.490120033279228,28.9599990844727
"1176","La_Azufrada",2000,0,28.5799999237061
"1177","La_Azufrada",2001,0,28.3899993896484
"1178","La_Azufrada",2002,1.01166881237319,29.0699996948242
"1179","La_Azufrada",2003,0.84539826313393,29.3400001525879
"1180","La_Azufrada",2004,0,28.1199989318848
"1181","La_Azufrada",2005,3.30643468157409,29.5299987792969
"1182","La_Azufrada",2006,0,28.5799999237061
"1183","La_Azufrada",2007,0.481548681001745,28.9899997711182
"1184","La_Azufrada",2008,0,28.5399990081787
"1185","La_Azufrada",2009,0,28.3899993896484
"1186","La_Azufrada",2010,6.93199810156154,30.1399993896484
"1187","La_Azufrada",2011,1.30694703132876,29.3199996948242
"1188","La_Azufrada",2012,2.88016444840974,29.3499984741211
"1189","La_Azufrada",2013,0,28.4799995422363
"1190","La_Azufrada",2014,3.72183263953223,29.3699989318848
"1191","Wolf_South_Corals",1981,NA,26.1999988555908
"1192","Wolf_South_Corals",1982,1.33478081391154,29.0299987792969
"1193","Wolf_South_Corals",1983,25.7830860471945,30.8699989318848
"1194","Wolf_South_Corals",1984,0.893415011882468,28.8699989318848
"1195","Wolf_South_Corals",1985,0,27.3299999237061
"1196","Wolf_South_Corals",1986,0.312794427953322,28.2899990081787
"1197","Wolf_South_Corals",1987,11.4603606158766,29.1399993896484
"1198","Wolf_South_Corals",1988,0,27.5999984741211
"1199","Wolf_South_Corals",1989,0,28.0599994659424
"1200","Wolf_South_Corals",1990,0,28.019998550415
"1201","Wolf_South_Corals",1991,2.26887937530708,28.6700000762939
"1202","Wolf_South_Corals",1992,13.5796138500995,29.8499984741211
"1203","Wolf_South_Corals",1993,8.69378057979611,30.3400001525879
"1204","Wolf_South_Corals",1994,0,27.8599987030029
"1205","Wolf_South_Corals",1995,0,28.1700000762939
"1206","Wolf_South_Corals",1996,0.499191783618739,28.519998550415
"1207","Wolf_South_Corals",1997,3.7801198347216,29.4099998474121
"1208","Wolf_South_Corals",1998,27.5316588054604,30.7899990081787
"1209","Wolf_South_Corals",1999,0.288508702768473,28.1999988555908
"1210","Wolf_South_Corals",2000,0,28.0699996948242
"1211","Wolf_South_Corals",2001,2.21322742302689,28.939998626709
"1212","Wolf_South_Corals",2002,7.28179344179757,29.4499988555908
"1213","Wolf_South_Corals",2003,3.83154849334325,28.939998626709
"1214","Wolf_South_Corals",2004,2.43459282178797,29.3599987030029
"1215","Wolf_South_Corals",2005,0,28.0399990081787
"1216","Wolf_South_Corals",2006,2.11751312641347,28.8999996185303
"1217","Wolf_South_Corals",2007,2.49602198176984,29.0699996948242
"1218","Wolf_South_Corals",2008,7.87384313121291,29.3699989318848
"1219","Wolf_South_Corals",2009,3.59949886932273,29.4299983978271
"1220","Wolf_South_Corals",2010,11.3512938043018,29.7600002288818
"1221","Wolf_South_Corals",2011,1.5818610869402,28.8799991607666
"1222","Wolf_South_Corals",2012,4.98340982006442,28.8099994659424
"1223","Wolf_South_Corals",2013,3.81359757240702,28.8599987030029
"1224","Wolf_South_Corals",2014,2.27819615276806,28.9499988555908
"1225","Roca_Espejo_2",1981,NA,25.9200000762939
"1226","Roca_Espejo_2",1982,0.486813830575949,28.1499996185303
"1227","Roca_Espejo_2",1983,27.8450680658015,30.7799987792969
"1228","Roca_Espejo_2",1984,0.345971161476321,28.1700000762939
"1229","Roca_Espejo_2",1985,0,25.9899997711182
"1230","Roca_Espejo_2",1986,0.842784675977353,28.1700000762939
"1231","Roca_Espejo_2",1987,12.9643321850333,29.6499996185303
"1232","Roca_Espejo_2",1988,0,26.8899993896484
"1233","Roca_Espejo_2",1989,0,27.5999984741211
"1234","Roca_Espejo_2",1990,0,27.6499996185303
"1235","Roca_Espejo_2",1991,3.66685294602716,28.5299987792969
"1236","Roca_Espejo_2",1992,15.2688022319073,29.7899990081787
"1237","Roca_Espejo_2",1993,5.62333763014571,29.4699993133545
"1238","Roca_Espejo_2",1994,0.153699833755041,27.8999996185303
"1239","Roca_Espejo_2",1995,0.661942181263886,28.2299995422363
"1240","Roca_Espejo_2",1996,0.340256744972415,28.019998550415
"1241","Roca_Espejo_2",1997,9.16454827777643,29.3999996185303
"1242","Roca_Espejo_2",1998,31.2236394398773,30.8699989318848
"1243","Roca_Espejo_2",1999,0.350256701375874,28.1399993896484
"1244","Roca_Espejo_2",2000,0,27.2600002288818
"1245","Roca_Espejo_2",2001,2.32212648115478,28.8599987030029
"1246","Roca_Espejo_2",2002,6.71007997476403,28.9599990844727
"1247","Roca_Espejo_2",2003,3.84633897652039,29.2199993133545
"1248","Roca_Espejo_2",2004,0,27.4300003051758
"1249","Roca_Espejo_2",2005,1.9447268463421,28.75
"1250","Roca_Espejo_2",2006,2.12699794518155,28.8699989318848
"1251","Roca_Espejo_2",2007,2.81776825639274,28.4599990844727
"1252","Roca_Espejo_2",2008,8.24663563258087,29.3699989318848
"1253","Roca_Espejo_2",2009,0.562527941904074,28.3299999237061
"1254","Roca_Espejo_2",2010,9.77370560867681,29.2099990844727
"1255","Roca_Espejo_2",2011,4.85762298475997,28.5599994659424
"1256","Roca_Espejo_2",2012,4.72450975087852,28.8400001525879
"1257","Roca_Espejo_2",2013,1.89615512349403,28.8299999237061
"1258","Roca_Espejo_2",2014,0.620513479045694,27.9599990844727
"1259","Tenacatita",1981,NA,31.1499996185303
"1260","Tenacatita",1982,0.482671148766021,31.1199989318848
"1261","Tenacatita",1983,1.72033258956698,31.3199996948242
"1262","Tenacatita",1984,0.645528204430084,31.6799983978271
"1263","Tenacatita",1985,0,30.6399993896484
"1264","Tenacatita",1986,0,30.5299987792969
"1265","Tenacatita",1987,0,30.9099998474121
"1266","Tenacatita",1988,0,30.6399993896484
"1267","Tenacatita",1989,0,30.5299987792969
"1268","Tenacatita",1990,0,30.7299995422363
"1269","Tenacatita",1991,0,30.7299995422363
"1270","Tenacatita",1992,0.172319034277569,31.1599998474121
"1271","Tenacatita",1993,0.307494906236499,31.0399990081787
"1272","Tenacatita",1994,0.346066672681114,31.3199996948242
"1273","Tenacatita",1995,0,30.4799995422363
"1274","Tenacatita",1996,0,30.8499984741211
"1275","Tenacatita",1997,3.30227972285539,31.5699996948242
"1276","Tenacatita",1998,0.440352092690182,31.0100002288818
"1277","Tenacatita",1999,0,30.8299999237061
"1278","Tenacatita",2000,0.328923695647772,31.25
"1279","Tenacatita",2001,0.297495222311416,31.0100002288818
"1280","Tenacatita",2002,0.843023317750149,31.25
"1281","Tenacatita",2003,0.707847445791218,31.25
"1282","Tenacatita",2004,5.50153535412204,31.9200000762939
"1283","Tenacatita",2005,1.73515606365995,31.7799987792969
"1284","Tenacatita",2006,5.66975499517907,32.1699981689453
"1285","Tenacatita",2007,0.338923652051231,31.2899990081787
"1286","Tenacatita",2008,0.817308988439323,31.1700000762939
"1287","Tenacatita",2009,1.59033261136525,31.2099990844727
"1288","Tenacatita",2010,0.301781034689345,30.9499988555908
"1289","Tenacatita",2011,0.741594877111198,31.019998550415
"1290","Tenacatita",2012,4.09977440021005,31.8699989318848
"1291","Tenacatita",2013,1.11962800091862,30.6199989318848
"1292","Tenacatita",2014,3.45923621533653,31.4799995422363
